4 marzo 2022,10,Flip bar,"Mi hanno fatto pagare 15‚Ç¨ un diplomatico al banco servito dentro un bicchiere di plastica, che su mia richiesta √® stato cambiato da un bicchiere completamente sporco‚Ä¶. Sullo scontrino la voce era ‚Äúcocktail premium‚Äù‚Ä¶. Di premium non avete nemmeno il pavimento, tornate umili, anche se non credo lo siate mai stati."
24 ottobre 2021,20,Deludente,Siamo stati in questo locale in cui ero gi√† stata 2 anni fa quando mi aveva lasciato un ottimo ricordo. Il menu brunch ha un'offerta ridotta non includendo pi√π la spremuta di arancia e il dolce. Abbiamo ordinato i pancake a parte e per ben 6‚Ç¨ ci hanno portato 4 pancake minuscoli e probabilmente surgelati vista la durezza. Peccato un tempo era buono.
16 ottobre 2021,20,Commento cattivo,"Mi chiedo: se avessi chiesto un hamburger ben cotto cosa mi avrebbero servito? Una suola di scarpone (cfr. Charlie Chaplin - La febbre dell'oro)? Comunque, al di l√† della cottura, non era buona la carne... per√≤ buono il pane, la salsa e pure le patatine. La prossima volta andr√≤ da McDonald's: se non altro, a parit√† di qualit√† del cibo, sar√† pi√π economico."
11 ottobre 2021,40,Molto buono e con occhio per il cliente,"Sono stata in questo locale per colazione con degli amici; dopo un'attesa molto lunga ci hanno portato il cibo sbagliato e ci √® stato detto che non c'era possibilit√† di rimediare perch√® gli ingredienti per gli stessi piatti erano terminati. Ci siamo quindi fatti andare bene quello che ci hanno portato e con molta sorpresa al momento del pagamento ci hanno offerto tutto. Questo si chiama avere occhio per il cliente! La qualit√† del cibo era molto buona e voglio pensare che sia stata una ""mattina no""! Sicuramente ci torner√≤."
4 ottobre 2021,30,Buono,"Brunch con amici previa prenotazione, direi buono. Prezzi misurati anche per la posizione del locale, gentilezza appena sufficiente. Nel complesso comunque ci tornerei."
12 settembre 2021,10,Delusione,"Sono stata da Pandenus in piazza San Francesco delusione totale ho preso un pezzetto ,era l'ultimo ,di cheesecake e mezza acqua naturale. La torta era secca si sbriciolava sia il formaggio che la base di biscotto ho vissuto negli Statesso come deve essere una cheesecake!Lho pagata ben 6 euro e non era neanche una fetta classica ,ma un triangolino . L'acqua 2 euro . Fate un po il conto ... mai pi√π, c√® di meglio !!"
7 settembre 2021,10,Pessimo,"Purtroppo Pandemus non √® pi√π quello di una volta. Sono stata stasera per aperitivo con amici. La location √® sempre bella ma la qualit√† del cibo non √® pi√π quella di prima del covid. Con l'aperitivo hanno portato una pizzetta ""indecente"" e alla richiesta di avere uno stuzzichino senza lattosio hanno risposto che non era possibile e hanno proposto di portare un po' di pane. Con gli amici abbiamo fatto decine e decine di aperitivi da Pandemus...mi sembra evidente che √® un ora di cambiare locale"
4 settembre 2021,10,Mai pi√π!,"Se fossi il proprietario mi sentirei davvero fortunato ad avere clienti in un posto tremendo come questo, uno dei peggiori ""aperitivi"" che abbia mai fatto a Milano! Prezzi senza alcuna logica per pseudo bruschette insapori (fettine di pane mal scongelato), frittura in proporzione imbarazzante a 12 euro, pessima qualit√†, una birra 9 euro!!! Ma che siamo a Capri! Per favore! Siate un po pi√π onesti e almeno se proprio volete rubar soldi alla gente cambiate abbassate i prezzi! Un incubo della Milano da bere Mai pi√π!!!!!?"
4 settembre 2021,10,Pessimo APERITIVO,"Abbiamo prenotato in questo locale per un aperivo. Guardiamo il sito e parla di menu adatto ai celiaci.  Arriviamo, ci sediamo e chiediamo il men√π per celiaci e ci viene risposto che non sono organizzati per la cucina e che il sito probabilmente si riferisce agli altri locali.  Ordiniamo qualcosa da bere e visto che portano solo alcune olive e carote e una fettina di pizzetta riscaldata orribile, ordiniamo qualche piatto.  Frittura di pesce da 12 EUR era un cono con 10 pezzi in croce (frittura congelata da supermercato cotta nella friggitrice, orribile).  Bruschette: 10 EUR circa: 4 fette di pane di baguette, con qualche pezzetto di pomodoro sopra insapore e non condito ..  Una truffa legalizzata. Mai pi√π in questo locale e mai pi√π negli altri locali dello stesso gruppo!"
13 luglio 2021,10,Cacciati via...,"Arriviamo per pranzo, dentro non c'√® posto mentre fuori ci sono tavolini liberi, chiediamo se si pu√≤ aprire un ombrellone per pranzade fuori all'ombra e ci viene risposto che non possono aprire gli ombrelloni per sicurezza (c'√® una brezza leggera) anche se turri gli altri locali intorno li hanno aperti, e quindi se non vogliamo mangiare al sole non ci possono ospitare. Un ristoratore che praticamente manda via i clienti direi che si commenta da solo. Addio."
5 luglio 2021,40,Semplice e sfizioso,"Ora di pranzo da poco passata, pochi tavolini all'aperto e pochi all'interno, ma dato il momento, ci accomodiamo in un attimo perch√© non c'era molta gente. Menu diverso, sfizioso, piatti dai 10‚Ç¨ in su per lo pi√π. Ordiniamo un toast con avocado e un cous cous. Il bruschettone era davvero particolare, con guacamole, un pane ottimo e differente. Ne avrei mangiato una fetta in pi√π! Il cous cous abbondantissimo, anche troppo per una persona. Non essendoci il barista, niente cocktail a quell'ora, solo drink normali. Ci siamo trovati bene, servizio solerte e gentilissimo, posto pulito e diverso. Consigliato."
20 giugno 2021,10,Arrogante personale,Maleducata cameriera le consiglio di restare a casa e facesse un corso di educazione non √® ddatta per nessun lavoro!!! Sembra offesa di lavorare
9 maggio 2021,10,Trattamento pessimo,Ci siamo recati in questo locale sabato pomeriggio per un aperitivo. Il locale era pieno ma non appena si √® liberato un tavolo un cameriere ci ha fatto accomodare (anche se avevamo gi√† ordinato da bere al banco). Dopo una decina di minuti il gestore del locale √® venuto da noi e con un atteggiamento molto maleducato ci ha chiesto chi ci aveva fatto sedere al tavolo visto che questo era riservato. In breve siamo stati trattati come dei criminali! Avendo pagato ben 60‚Ç¨ per due giri di aperitivo (in 4 persone) non √® tollerabile essere trattati cos√¨!! Non ci torneremo pi√π considerata l‚Äôofferta di locali della zona!
8 maggio 2021,10,Maleducazione e pessima qualit√†,"Dopo aver preso alcuni drink (di pessima qualit√†) con amici, aspettando la possibilit√† di occupare un tavolo, ci √® stato concesso di sederci, ma dopo 5 minuti siamo stati accusati in malo modo e con risatine poco educate di aver occupato la postazione senza permesso..i modi di trattare le persone fanno la differenza. Uno dei locali peggiori della citt√†"
22 marzo 2021,40,Ottimo brunch,"locale molto carino, anche se piccolo e con pochi posti a sedere, in zona Moscova in Largo La Foppa. L‚Äôatmosfera √® intima e confortevole. Offre una vasta scelta tra dolci, caffetteria, piatti caldi e freddi, cocktail, centrifughe e molto altro! La possibilit√† di godersi un bel brunch √® data tutte le domeniche dalle 12 alle 17. Tutti i menu del brunch includono marmellata, burro, crema di nocciole, succo, acqua, pane e una bevanda calda a scelta tra caff√® americano, espresso e latte. I menu variano dai 14 ai 20 ‚Ç¨. Consigliato soprattutto per il brunch"
4 ottobre 2020,30,brunch autunnale,"scelta contenuta per il brunch che prevede solamente 5 piatti, ma decisamente gustosi e ben fatti. perfetta la cottura delle uova e molto buono il tortino di patate. a mio avviso avrebbero dovuto segnalare la presenza dell‚Äôerba cipollina nell‚Äôavocado toast non sempre gradita da tutti. purtroppo non abbiamo potuto provare le centrifughe a causa di una guasto alla macchinetta, ma in compenso ci hanno gentilmente offerto delle spremute di arancia. l‚Äôunica vera pecca √® il servizio che essendo ridotto √® risultato molto lento."
14 febbraio 2020,50,ottimo,"Locale perfetto per un toccata e fuga :) ho passato una piacevole oretta per l'aperitivo, ottimo buffet aasortito comprensivo di una fantastica pizza!! che preparano a ripetizione. ottimo!! ci tornero'"
21 gennaio 2020,40,Ottimo cous cous!,"Locale carino e ben arredato, anche se un po'confusionario. Abbiamo preso un cous cous e l'ho trovato davvero ottimo, presentato benissimo e abbondante. Prezzi a mio parere lievemente alti. Nel complesso un locale da tener presente!"
11 ottobre 2019,10,Aperitivo rovinato,"In quattro per un aperitivo siamo stati una ora con due vaschette di pinzimonio. Alla richiesta di un accompagnanento la pizza, una miseria alla fine, era sempre in forno, cameriere molto sgarbato. Locale pretenzioso ma con servizio pessimo. Da non ripetere"
13 settembre 2019,10,No lista no scelta,"Venerd√¨ sera, aperitivo, niente lista, camerieri cafoni, atmosfera complessivamente sciatta. Peccato. Meglio altri locali della stessa catena."
3 giugno 2019,20,Colazione,"Locale piccolo e mal curato. Personale scarso, la mattina della colazione c‚Äôera una cameriera che fungeva da cassiera e un barista. Le uova strapazzate che avevamo ordinato erano crude ed abbiamo aspettato abbastanza per avere anche una brioche . Una spremuta, una centrifuga small una brioche uova strapazzate avocado ‚Ç¨ 21,40. Cosa dire? Pandenus addiooooo"
2 giugno 2019,40,Aperitivo,"Locale carinissimo. √à quasi pi√π bello il bagno del locale, ma √® tutto veramente carino. Personale molto gentile e sorridente. Cibo molto buono, peccato solo ci sia poca scelta nel mini buffet. Bello vedere il cuoco che prepara attraverso il vetro."
28 maggio 2019,10,Brunch.. male male,"Servizio scadente, privo di interesse, passione, ordine e pulizia...e una dubbia ironia della responsabile. Il cibo √® tutto mediocre, i piatti caldi sono freddini, il pane non √® n√© fresco n√© tostato, il succo di bassa qualit√†. Avanzato quasi tutto, non ce ne viene chiesto il motivo. Il dolce, compreso nel men√π, non arriva...ma sinceramente non ci interessa nemmeno farlo presente. Addioooooo"
6 aprile 2019,20,"Carino, ma attenzione alla pulizia","Locale molto carino, piccolo ed accogliente. Ci siamo tornati per un aperitivo dopo che la prima volta che ci eravamo stati ci eravamo trovati bene. L'aperitivo √® discretamente fornito, ce ne √® un po' per tutti i gusti (salumi, formaggi, pizza riso, frutta) e i prezzi sono tutto sommato in linea con quelli degli altri locali della zona. Quello che purtroppo ci ha lasciato piuttosto perplessi √® che i piattini esposti per l'aperitivo non fossero tutti puliti.. Dei primi cinque della fila solo due erano puliti ed utilizzabili, mentre gli altri erano palesemente sporchi ed incrostati e li abbiamo dovuti scartare. La cosa √® abbastanza spiacevole, anche perch√© con un filo di attenzione in pi√π questi episodi sgradevoli possono essere evitati."
4 aprile 2019,30,piatti esposti,"Sono stato al ""Pandenus"" per uno spuntino all'ora di pranzo. Il personale √® stato gentile ed efficiente, ho scelto tra i piatti esposti, un risotto, una crostata ed una porzione d'ananas. Il pranzo √® stato veloce ed il conto nelle aspettative."
31 marzo 2019,30,normale colazione,"Colazione in Largo la Foppa, posticino tranquillo per essere le 9 di mattina. Non grande scelta di croissant. Niente di che"
12 febbraio 2019,30,Non male,"Posto consigliato da una mia amica per la mia prima cena in citt√†, da sola. Atmosfera intima e molto confortable. Molto piacevole. Men√π particolare: alcuni cibi veramente buoni altri meno come il club sandwich.. molto ‚Äúcarico‚Äù di sapori ed una bomba per le coronarie. Una pecca √® il prezzo: molto caro, a mio parere, per la proposta"
17 gennaio 2019,30,Carino,"Locale piacevole anche se non molto grande, arredato con gusto. Buoni i drink, servizio veloce. Interessante."
9 dicembre 2018,10,fuori di testa,"il locale attira per la posizione e per il vasto spazio all aperto,oltre che la sala interna.Capisco che siamo in Gae Aulenti e la zona √® molto trendy,ma non discuto il prezzo alto, ma 6euro per una cioccolata tiepida servita in modo molto spartano,direi che sono troppi....mi aspettavo almeno un servizio piu accurato,dimenticavo,l attesa √® lunghissima..Mai pi√π"
9 dicembre 2018,40,Cocktail da provare,"Locale piccolo ma di atmosfera, non offre un menu di cocktail perch√© si pu√≤ ordinare qualsiasi cosa! Molto buoni mojito e caipiroska."
6 dicembre 2018,10,Non consigliato,"Aperitivo pessimo, caro e inesistente! Poca scelta e bassa qualit√†. Alla cassa la cameriera ha sbagliato il conto facendomi pagare due quote al posto di una. Quando dopo un quarto d'ora ho chiamato per informare dell'accaduto mi √® stato detto che era impossibile. Dopo il mio sollecito mi hanno detto che avrebbero verificato alla chiusura della cassa se risultava la quota in eccesso. Mi √® stato detto che mi avrebbero fatto sapere. Ho chiamato anche i giorni seguenti ma nessuna risposta al riguardo. La quota in pi√π ormai √® persa ma almeno il rispetto e la buona educazione di farmi sapere qualcosa mi sembra il minimo visto l'accaduto spiacevole. Non andr√≤ mai pi√π. Lo sconsiglio e attenzione al resto!"
7 novembre 2018,40,Posto caldo e tranquillo,"Buon aperitivo salutare con amici. Buono il cocktail, cibo salutare e anche pizza per i pi√π golosi. Locale piccolo ma curato e accogliente, c‚Äôera una bella atmosfera. Consiglio di prenotare per essere certo di avere un posto a sedere."
21 ottobre 2018,30,Nella media,"Locale piccolo, molto carino e accogliente. Aperitivo nella media, non esagerato in termini di alternative proposte, ma quelle presenti sono abbastanza valide. Prezzi nella media e personale disponibile."
19 ottobre 2018,30,Un buon aperitivo,Locale carino ma molto affollato per via dei tavoli posti molto vicini fra loro. Carino il dehor. Aperitivo abbondante e servizio cortese. Nel complesso buono ma nulla di particolarmente diverso da altri locali di questo genere
15 ottobre 2018,30,"Buona la colazione, servizio rapido","tappa fissa tutte le domeniche mattina, colazione OK, camerieri gentili e rapidi nel servizio. locale pulito e accogliente. OK"
3 ottobre 2018,30,Aperitivo semplice,"Locale carino ma molto piccolo con tavoli tutti vicini, si ha poca privacy per parlare. Aperitivo scarso con pochissima scelta. I cocktail sono buoni e lo staff molto gentile, per questo la valutazione √® media. Situato nella piazza dove ci sono molti locali, quindi il cibo offerto dovrebbe essere maggiore, visto che il costo della bevanda √® uguale agli altri locali che sono pi√π grandi.  Nice but very small place with tables all nearby, you have little privacy to talk. Poor aperitif with very little choice. The cocktails are good and the staff very kind, so the evaluation is in the average. Located in the square where there are many pubs, then the food offered should be greater, as the cost of the drink is equal to the other places that are larger."
3 ottobre 2018,20,Deludente,"Il posto non √® molto grande quindi √® consigliato prenotare o comunque va frequentato in gruppi ridotti. Molto carini i tavoli fuori nella bella stagione. Scarsissima scelta di vini. Buffet imbarazzante, scarso sia a livello di qualit√† che di quantit√†."
2 settembre 2018,40,Una garanzia,"Un locale sempre aperto che offre varie opzioni per colazione, pranzo e cena. √à possibile mangiare a qualsiasi ora, piatti caldi, freddi e stuzzicherie varie. Io ci sono stata per un pranzo tardo (intorno alle 15)...per un'insalata di avocado, acqua, un bicchiere di vino e un caff√® ho speso 20 euro. L'ambiente √® bello, rilassante e la qualit√† del cibo ottima. Molto consigliato."
15 agosto 2018,30,Per il dopo cena,"Locale carino appena defilato dal caos di Corso Garibaldi, consigliato per un drink dopo cena. L'aperitivo √® piuttosto scarso. Locale piccolo ma carino."
16 luglio 2018,40,Locale carino ma molto piccolo,"Locale carino, piccolo, con pochi posti a sedere, ottime le brioches salate anche se un po care. Il cibo in generale √® buono. lo consiglio per la colazione."
9 luglio 2018,10,Incubo!! Improponibile!!,"Passati per caso con due amici- del men√ª non c'era disponibile quasi nulla (abbiamo preso un club sand e un avocado toast) Il club sand immangiabile (zero pollo zero salse mezzo uovo) L'avocado toast con pane del toast normale :( Dipendenti incompetenti- Gli ""addetti alla cucina"" non possono lavorare in una cucina aperta al pubblico!!!  Non lo provate!!!  Molto molto scarso."
28 giugno 2018,10,pessimo aperitivo,"scarsa qualita e scarsa quantit√†. Mi sono alzato e riseduto almeno 4 volte col piatto vuoto perch√® al bancone quasi tutto era finito e non era stato reintegrato, ma non verso fine serata che posso capirlo, proprio nel pieno dell' aperitivo. La qualit√† √® poi veramente scarsa e per quello che offre √® molto caro"
24 giugno 2018,10,New opening...Gae Aulenti. Aperitivo pessimo,"Provato Gae Aulenti, location a parte, Aperitivo pessimo..caro e inesistente! 9 euro una birra 3 pezzi microscopici di focaccia! Non si commenta"
6 giugno 2018,40,Aperitivo ok!,"Ottimo locale dove poter fare aperitivo in zona Moscova-Garibaldi a Milano. Buffet non molto ricco ma con cibo di buona qualit√†, ottimi cocktail/drink, personale cortese. Consigliato!"
2 giugno 2018,20,Scortesia e scarsa qualit√†,"Essendo degli amanti del cibo e frequentando vari ristoranti & Co,abbiamo avuto stavolta una pessima esperienza:appena entrati abbiamo avuto la sensazione di essere quasi uno scomodo,abbiamo chiesto cosa Potevamo mangiare e ci √® stato risposto con scortesia che le cose che potevamo mangiare erano esposte. Abbiamo optato per un pezzo di pizza ciascuno ,un mini panino ,2 coca e 2 caff√® e oltre alla Qualit√† scarsa del cibo,anche il conto √® stato una sorpresa:quasi 30‚Ç¨ dei quali 6‚Ç¨ costava ogni pezzo di pizza!!! Non ci torneremo sicuramente pi√π."
20 maggio 2018,20,Caro,"Locale carino, menu' turistico, qualita' scarsa. La pizza e' carissima e niente di eccezionale. In generale i prezzi sono alti."
19 maggio 2018,20,Peccato,"La scortesia del personale si riconferma sempre. Una volta ti fanno ‚Äúgentilmente‚Äù pressione per alzarti anche se hai prenotato il tavolo perch√© c‚Äô√® tanta gente, quell‚Äôaltra ci mettono mezz‚Äôora per portarti da bere, quell‚Äôaltra ancora prendono gli ordini con aria scocciata, ma quest‚Äôultima (ieri sera) la voglio raccontare per bene. Chiedo al barman quali vini bianchi FERMI avessero e lui mi elenca una serie di 4 vini tra cui uno Chardonnay. Io scelgo proprio quello. Mannaggia a me! Una volta servito mi accorgo che √® leggermente frizzante. Vado al bancone e lo comunico gentilmente dicendo che purtroppo il frizzante proprio non mi piace. Il barman mi risponde aggressivo in sequenza frasi del tipo: si te l‚Äôavevo spiegato (quando?) non ascolti!! (Inizio ad essere incredula) vabb√® se tu sai tutto allora! (Ma come ti permetti ?)e via cos√¨. Dopo di che mi prende il mio bicchiere, lo ritira e me ne rifila uno nuovo in cui versa un vino qualsiasi che aveva in mano e mi manda via! A quel punto mi altero molto. Chiamo il responsabile e racconto il tutto. Il responsabile si scusa, parla con il barman il quale sottovoce risponde (non √® dato sapersi cosa) e mi riportano dopo pochi minuti un nuovo calice di vino imprecisato. Nessuna spiegazione, nessuna scusa da parte del barman e soprattutto che vino mi ritrovo a bere ora? Non √® dato sapersi! A quel punto me lo bevo, pago e cambio locale. Sempre una delusione purtroppo. Peccato perch√© la location √® bella, il buffet buono ma nonostante i cambi di personale il servizio negli anni non migliora mai, anzi."
2 maggio 2018,30,PICCOLO MA BUONO !,"Breve sosta in un pomeriggio caldo primaverile. Ambiente pulito, ordinato, mignon ma accogliente e ben arredato. Personale premuroso e gentile. Con la mia compagna abbiamo sorseggiato una birra bionda che √® stata gentilmente accompagnata da due pizzette calde. Rapporto qualit√†/prezzo nella norma. Da provare i centrifugati di verdura e frutta."
28 aprile 2018,40,Buon aperitivo,"Informale, carino, ma un p√≤ impersonale. Si sta per√≤ bene nella piazza, ed essendo appena defilato, si riesce anche a scambiare due parole senza essere travolti dalla folla. Prezzi nella media"
21 aprile 2018,50,Peccato ma molto potenziale,"Inizio questa recensione con peccato! Sono stata con un gruppo di amici qualche giorno fa in questo locale. Vorrei innanzitutto andare contro ad alcune recensioni che ho letto : personale scortese? Io direi poco personale e basta. Come √® possibile lasciare solo due ragazzi nella settimana del salone del mobile? erano le 10 pi√π o meno e c‚Äôerano 30 persone nel bar e solo un ragazzo e una ragazza come personale . Cara grazia che ancora sorridevano. Ma io mi chiedo come pu√≤ una catena cos√¨ famosa ( nella quale ho visitato anche altre sedi ) peccare in una cosa basilare? Mettere a proprio agio clienti e personale. Per il resto cappuccio ottimo mini brioches con crema eccezionali cos√¨ come anche i biscotti. Una mia amica ha preso una centrifuga che a suo dire era la migliore mai bevuta. Ci ritorner√≤ sicuramente e spero vivamente di vedere un clima pi√π organizzato. Do 5 stelle per l‚Äôincorqggiamento e il potenziale, vorrei solo dire ai proprietari che i soldi si fanno in altro modo! Sopratutto in un locale in pieno centro."
11 aprile 2018,20,Ottima posizione. Personale molto scortese,"Il posto √© molto carino e ben ubicato ma il personale non √© all‚Äôaltezza delle aspettative. Non conoscono il sorriso, poco cordiali e con poca attenzione al cliente. Atteggiamento strafottente.  Peccato. Sarebbe stato un bel posto dove iniziare bene la giornata o concluderla con un bel drink."
8 aprile 2018,20,Scortesia del personale,"Il locale √® molto carino e in una posizione bella e centrale. Ho ordinato un t√® (buono) e poi ho chiesto un t√® ed un croissant da portare via. Una delle cameriere mi fa lo scontrino e dopo un p√≥ mi accorgo che mi ha fatto pagare tre t√® e non due. Glielo dico e lei pi√π scortese e antipatica che mai mi risponde che ha capito tre t√® ed ora non pu√≤ restituirmi i soldi perch√© non ha moneta in cassa e quindi posso eventualmente prendere altro. Io naturalmente non sono d‚Äôaccordo e allora lei scortesemente mi dice di aspettare che arrivi della moneta. Dopo arriva e mi da quello che mi doveva fare, dicendo che li ha presi dalla sua borsa. Un comportamento pessimo! Invece molto gentile il ragazzo addetto alla preparazione di t√®, cappuccini e caff√® e la cameriera filippina credo."
18 marzo 2018,50,Brunch donenicake,"Pur non avendo prenotato siamo riusciti a fare brunch in questo locale alla moda. Al prezzo di 25 euro, puoi scegliere tra quattro diversi abbondantissimi menu, compresi succo caff√® e selezione di croissant con marmellate e cioccolate Personale accogliente e gentile! Consigliatissimo"
18 marzo 2018,40,BRUNCH!!!,Locale piccolo ma accogliente.. Ci sono 4 tipi di brunch (in pi√π anche il menu' bambino) e sono tutti molto invitanti..porzioni abbondanti..anche perch√© 25‚Ç¨ a porzione..
17 febbraio 2018,40,Location calda e accogliente,"Location calda e accogliente, buffet ridotto ma curato e assortito, drink buoni, posizione strategica"
12 febbraio 2018,40,Ottimo Capuccino,Di pomeriggio in giro per Milano ero a Largo la Foppa e mi viene voglia di un Cappuccino entro in questo bar molto bello e lo prendo veramente buono ambiente accogliente.
10 febbraio 2018,20,Mi aspettavo di meglio,"Ho ordinato un primo di pesce, abbondante la pasta ma in realt√† del pesce spada non c'era quasi traccia. Servizio lento. Molto cordiale ragazza alla cassa. Ci ritornerei? Penso di no!"
4 febbraio 2018,50,Il buongiorno si vede dal mattino,Sono ormai pi√π di quattro anni che faccio colazione al Pandenus e posso senza dubbio affermare che fanno forse i migliori croissant di Milano ...per nn parlare della rosticceria che recentemente per festeggiare il mio compleanno con i colleghi ancora a chiedermi dove l‚Äôavessi comprata ....il locale √® talmente cozy che mi sembra di trovarmi sempre a casa grazie alla cortesia e professionalit√† del servizio e alla loro attenzione alle persone. Come sempre la qualit√† delle cose viene sempre riconosciuta ....
2 febbraio 2018,10,"Scortesia, lentezza","Domenica ora pranzo, 4 adulti e 2 bambini, pi√π di un'ora per essere serviti. Alle nostre richieste la cameriera rispondeva con tono scocciato senza scusarsi. Tavoli arrivati dopo di noi sono stati serviti prima. E se guardiamo al cibo la mia focaccia con avocado, salmone e crema di formaggio era preparata da ore e stava in vetrina con la crema che aveva iniziato a seccarsi e screpolarsi... Si salvano solo le patatine fritte, oggettivamente buone (peccato per la salsina)"
20 dicembre 2017,50,Croissant e cappuccio OTTIMO!!,"In giro per Milano sono stata attratta dalla bella vetrina di golosit√† dolci e salate.. Abbiamo assaporato una deliziosa colazione con croissant di pasticceria e caff√® e cappuccio ottimi.Personale gentilissimo,e pulizia ed eleganza ai massimi livelli.Complimenti per la cura nei dettagli della toilette.Musica di sottofondo incantevole,ed eleganti marmi CONSIGLIATISSIMO."
18 dicembre 2017,30,"LOCALE CON DEHORS, TANTA GENTE, MODAIOLO","ci sono stato con la mia fidanzata per the' e spremuta pomeridiani. i camerieri seppur gentili erano molto indaffarati a creare la serata aperitivi....tanta gente giovane, locale carino con dehors in piena zona trendy milanese. conto salato da movida."
2 dicembre 2017,10,Inferno,"Il posto pi√π brutto che abbia mai visitato. Sconsiglio vivamente. Non mi sono trovata affatto bene in tutti i sensi, servizio e personale anche. Spero che tutto questo venga cambiato"
11 novembre 2017,30,Locale Caino in tutti i sensi,"Sono una fun dei pandenus per il concept caldo e accogliente, ma trovo poco etico vendere una centrifuga, per carit√† buona, ma a 7‚Ç¨ ...permettetemelo, completamente fuori mercato!"
1 novembre 2017,40,Piacevole brunch,"Il locale √® piccolo ma molto carino, abbiamo fatto il classico brunch scegliendo tra le opzioni possibili. Il piatto era abbondante, tutto molto buono soprattutto le patate arrosto e le uova alla Benedict‚Äôs,avrei tolto invece le fette di French toast perch√© erano gommose. Buona selezione di tisane e infusi fatti in casa."
28 ottobre 2017,30,Non male,"Il posto √® piccolo ma carino, il personale √® abbastanza gentile. Ho fatto il brunch con delle amiche. Il piatto √® molto ricco, buono. √à stato piacevole. Forse un pochino caro per quello che si mangia comunque si pu√≤ provare"
25 ottobre 2017,40,PRANZO VELOCE di QUALITA'.,Ci siamo stati per 1/2 giorno trovandoci da quelle parti e conoscendo quello di Piazza Risorgimento. Ci hanno presentato in bella vista i piatti disponibili per il pranzo. Abbiamo trovato l'iniziativa molto intelligente in quanto non si va incontro a sorprese. Erano disponibili 6 piatti ed abbiamo scelto gamberi in salsa accompagnati da riso basmati. Due bicchieri di buon vino bianco. Il tutto √® risultato molto buono ed il prezzo onesto. Consigliabile.
7 ottobre 2017,50,"Raffinato, squisito e staff TOP!","Vengo spesso qui con colleghi lavorando in zona... dalla colazione al pranzo sono sempre stata benissimo, tutto qui sembra avere una collocazione perfetta... dal barista che √® l‚Äôesatto emblema della ricercatezza che viene ricreata nel locale, arredato con gusto, ordine e armonia. Sia lui che la cameriere hanno sempre il sorriso e una parola in pi√π per iniziare bene la giornata o perseguirla. Oggi per la prima volta ho provato il brunch con amici, che dire: WOW! Sembra un posto in cui il tempo si ferma qui da pandenus, non importa quanto caos ci sia le pietanze, il cibo e il sorriso sono assicurati!"
2 ottobre 2017,40,Brunch ottimo,"Avevo prenotato per un brunch, ma purtroppo si erano persi la mia prenotazione... nonostante tutto la ragazza si √® data un gran da fare ed √® riuscita a recuperare un bel tavolo per 5! Il locale √® piccino, ma ben curato: mi ha colpito il bellissimo scaffale alle spalle del bancone che ospita una vastissima scelta di liquori. Il brunch soddisfa le esigenze di tutti (ci sono 4 men√π tra cui scegliere) ed √® estremamente abbondante, giusto per il prezzo che ha (25‚Ç¨ a testa). Per me √® stata un'esperienza positiva e lo consiglio a chi ancora non lo ha provato!"
3 settembre 2017,20,Sotto le aspettative,"Abbiamo scelto questo locale perch√© in diverse recensioni rientrava nella top 10 per le colazioni. Le nostre aspettative erano quindi molto alte. Purtoppo, a parte un ottimo cappuccino, siamo rimasti delusi dalla scarsa scelta e dalla qualit√† delle brioches (quelle al cioccolato sembravano avere una mousse). Infine non √® stato possibile avere una spremuta d'arancia filtrata."
5 agosto 2017,40,per un aperitivo estivo,ottima location buona scelta di cocktail e buona anche la scelta dei piatti (pizzette polpette verdure) all'interno pochi tavolini meglio sedersi fuori nella piazza dove si affacciano gli altri locali prezzi nella media
3 agosto 2017,40,Alla moda,"Posto molto carino, raffinato all'interno, e con un ampio spazio all'esterno proprio sulla piazza. Cocktails molto buoni ed originali. Servizio impeccabile e professionale. Ambiente allegro e ben frequentato. Ci torner√≤ sicuramente"
2 agosto 2017,10,Senza titolo,"In accoglienza dell'addetto al bar dettata dall'indifferenza di un torrido 02 agosto... abbiamo domandando di voler solo bere del resto √® un bar e ci fa accomodare su due sgabelli senza darci la possibilit√† di scegliere..... Alla richiesta di un frullato nulla, zero... propone una spremuta. Ma veniamo proprio a quest'ultima, non si pu√≤ richiedere 4 QUATTRO EURO una spremuta neanche servita al tavolo posta sul bancone.... in un bicchieri mignon con tutto ghiaccio senza le arancie in frigo ed il bicchiere bollente ma dove siamo? Giudizio pessimo ovviamente per l nostra esperienza il cibo non l'abbiamo provato... ad ogni modo 8 EURO per due spremute cos√¨ √® assurdo! Da evitare...."
28 luglio 2017,40,Accogliente,Il locale √® piccolo ma molto accogliente e invitante. Un grande vantaggio avere l'area pedonale all'entrata in cui si pu√≤ sostare quando la temperatura lo permette. Nella norma i drink e il buffet (buona la pizza).
23 luglio 2017,30,Buon aperitivo ma una fila insostenibile,"L'aperitivo √® buono e il cibo ha in buona qualit√†. Il locale √® molto carino per un aperitivo informale. Il brand della catena √® una garanzia. Unico difetto la fila infinita per avere un tavolo in cui lo spazio √® molto limitato. Andateci solo se vedete poca gente, altrimenti ciaone."
2 luglio 2017,10,Il buongiorno si vede dal mattino...,"Mi sfugge come sia possibile che quando si va a fare colazione la domenica mattina al Pandenus di Largo La Foppa la cameriera non saluta neanche i clienti. √à stata sgarbata e parlava a monosillabi. Posto carino, buona colazione, ma decisamente non ci siamo... quando manca la cortesia, manca tutto..."
19 giugno 2017,50,Brunch delizioso,"Localino in Moscova con arredamento molto grazioso. Ho provato il brunch... sono rimasta super soddisfatta!!! Si paga un p√≤, ma si esce super sazi e avendo mangiato cibo di vera qualit√†! Sopratutto il pane di vari tipi, la crema di avocado e le patate al forno erano davvero squisiti! Ci ritorner√≤ sicuramente!"
6 maggio 2017,20,Bello ma costoso,"Mi sembra veramente tanto pagare 1 Menabrea a 5 euro, Mi dispiace ma il prezzo per una birra del genere anche se in Brera mi sembra esagerato. Non immagino per una buona birra artigianale. Peccato perch√© il locale √® bello ed accogliente"
17 aprile 2017,10,"Pessimo e molto sporco, gestrice molto scortese","Dico solo che √® salito un megascarafaggio sulla mia sedia. E arrivava dalla cucina, non da fuori. Posto strettissimo. Nessuno si √® scusato per lo scarafaggio, figuriamoci offrirci un giro. Il posto √® molto sporco e il personale √® incivile, specie la ragazza che lo gestisce. Gi√† non volevo venire perch√© ho uno storico di trattamenti pessimi qui, ma √® sotto l'ufficio e le mie colleghe si sono trovate qui. Lo sconsiglio a chiunque."
11 aprile 2017,50,Affollato ma bello,"Ci sono stata sia per un caff√® dopo pranzo sia per aperitivo, il locale √® molto carino e il personale √® gentile; si affolla molto verso le 19 (comprendo il motivo) e quindi si fatica a trovare posto, ma vale il tentativo! Consigliato!"
10 aprile 2017,40,brunch domenicale,"sono stata qui una domenica per il Brunch. non c'√® buffet anche perch√® vista la grandezza del locale sarebbe impossible , ma le proposte sono 4 tutte 25 euro cibo di qualit√† e ho anche avanzato qualcosa nel mio piatto ( ho preso il Saint Germain con salmon , gamberi , insalata , avocado , uova , patate e French toast) l'unica pecca secondo me sono le bevande. nel menu √® incluso solo un succo di frutta ( bicchiere piccolo) e un caff√® che per√≤ non √® come mi aspettavo Americano , ma viene servito all fine un piccolo espresso risultato sono uscita con una sete pazzesca. sarebbe bene servire il caff√® Americano durante il past e magari includere una bottiglia di acqua"
5 aprile 2017,30,Aperitivo semplice ma buono,"Nonostante fosse un marted√¨, il locale era pieno di gente. Fortunatamente, io e un'amica ci siamo accaparrati gli ultimi due posti, tra l'altro in un angolo anche riservato. Due bicchieri e qualche piattino dal buffet: vino rosso molto buono; cibo nella media; location molto carina e in una zona che adoro. Ci torner√≤!"
1 aprile 2017,40,Per un brunch nel weekend,"Sono stata al Pandenus per un brunch il Sabato (lo fanno anche la Domenica dalle 12:00 alle 17:00). La scelta √® fra 4 diversi tipi di men√π da quello pi√π salato a quello pi√π dolce con a parte compresi nel prezzo dolce e caff√®. Il tutto 25‚Ç¨. Il locale non troppo grande, √® quindi consigliata la prenotazione. Nel complesso sono rimasta molto soddisfatta."
8 marzo 2017,40,Buon Brunch!,"Locale molto piccolo e in voga, bella l'idea di creare men√π per il brunch molto ricco e soddisfacente."
4 marzo 2017,50,Un nome una garanzia,"Pandenus √® sinonimo di ottima qualit√†, pane eccelso... del resto il nome vuol dire proprio ""il nostro pane"" e scelta di piatti sempre varia e di alta fattura. Consiglio l'aperitivo, una quantit√† di cibo fantastica!"
30 gennaio 2017,40,Sempre Tanta Gente ma locale carino,"vado spesso a prendere l'aperitivo al pandenus. √® un locale piccolino ma accogliente. L'aperitivo √® buono anche se molto meno abbondante rispetto all'apertura. Inizialmente c'era pi√π abbondanza di pizza (che √® molto buona) adesso un p√≤ meno, ma cmq si riesce a fare cmq un buon happy Hour. personale gentile e location molto carina e comoda"
15 gennaio 2017,40,Aperitivo con buffet.. Minimal,"Il locale √® piccolo ma carino, ci sono stata per l'aperitivo. C'√® un buffet ma veramente minimal.. Poco cibo e sempre uguale. Il servizio √® comunque cortese e i prezzi nella media."
14 gennaio 2017,40,Dolci niente male!,"Bar a due passi dalla fermata di Moscova, all'inizio di Corso Como. A causa del freddo √® stata una tappa quasi obbligata del mio pomeriggio, e devo dire che √® stata una piacevole sorpresa. Servizio cordiale e prezzi nella media della zona. Ci√≤ che mi ha sorpreso √® stata la bont√† dei dolci: cheesecake buonissima! Consigliato."
10 gennaio 2017,40,Bello e buono come tutti i Pandenus,"Conoscevo gi√† Pandenus essendo un cliente abituale dello spazio che hanno in via Tadino. Consigliatissimo, anche il brunch √® buono."
17 dicembre 2016,40,"Ottimo brunch, peccato il succo d'arancia.","Locale piccolino ma accogliente, con personale professionale e gentile. Cibo ottimo, preparato al momento con ingredienti di qualit√†. Peccato che il succo d'arancia sapesse di chimico, mi sarei aspettata perlomeno una spremuta e anche dell'acqua. Comunque mi sento di consigliarlo!"
3 dicembre 2016,40,Aperitivo super,"Tappa fissa per l'aperitivo in una qualsiasi serata milanese, locale carino e personale super che √® sempre disponibile a soddisfare qualsiasi esigenza. Vasta scelta di vini e bollicine di qualit√† che vengono accompagnati da ottimi stuzzichini preparati al momento"
22 novembre 2016,50,Pranzo di lavoro,"Non frequento molto Milano, mi trovavo per lavoro, dovevo pranzare al volo con i colleghi ed ecco a voi la super scoperta, si questo locale √® pazzesco i piatti sono super, abbiamo mangiato all'aperto coccolati dal sole e dai fughi di calore. Il personale molto attento √® disponibile. Qualit√† prezzo al top ! Posizione spettacolare, nel cuore di Milano"
14 novembre 2016,50,Colazione da ... regina,"Sono stata a far colazione in questo delizioso e raccolto locale domenica. Cappuccio stratosferico, buona la cheescake consigliatami.. personale gentilissimo ... ho assaporato ogni cosa lentamente ... Da provare"
14 novembre 2016,30,Carino a vedersi ...,"Come da titolo. Ottima posizione. Interni ben riusciti pur nei limiti delle dimensioni interne. Locale intimo , direi pure fin troppo ( tavoli troppo addossati tra loro ) Prezzi medi della caffetteria. Propongo centrifugati ( 6 euro ) dolci ed un poco di piatti pronti. Viste le dimensioni interni e distanza minima tra o tavoli ..con aggiunta anche della diffusione sonora , risulta a mio avviso troppo rumoroso. Servizio lento ma cordiale. Vale un passaggio."
13 novembre 2016,30,Colazione nella media,"Sono andata in questo locale per colazione allettata dalle ottime recensioni. Il locale √© veramente molto carino, ma troppo piccolo per la grande quantit√† di gente che lo affollava. Ho preso una brioche alla mandorla (1,40‚Ç¨)dalla farcitura davvero immangiabile, ho dovuto toglierla. Per quanto riguarda il t√© (3,50‚Ç¨) ho apprezzato che fosse in foglie intere, ma non era nulla di speciale e il costo lo ho trovato eccessivo. Bellissimo invece il servizio da t√© molto particolare."
10 novembre 2016,30,Aperitivo,"Ci sono stata dopo lavoro con le mie colleghe. Il personale √® molto gentile infatti ha fatto di tutto per farci sedere anche se non avevamo riservato il tavolo. Il cibo era buono, soprattutto le cose fatte da loro come la pizza. Il problema √® che il locale √® piccolo quindi si sta tutti ammassati e non hai lo spazio al bancone per prendere il cibo dato che si crea un casino di gente. I drink.. Ho preso un moscow mule, non era male, per√≤ ad altri lo hanno servito nella tazza di rame e a me in un bicchiere di vetro. Ci sono rimasta un po' male anche quando ci hanno portato il conto perch√© ci hanno chiesto di pagare e andare via.. Peccato, perch√© noi avremmo voluto fare un altro giro.."
10 novembre 2016,50,Aperitivo,"Credo di non veder un localino di livello con presenza maggiormente femminile √® bella gente!! A parte la posizione staff cortese, servizio ordinato.. unica pecca che magari pu√≤ esser il pregio √® piccolino.. una piccola chicca nella Milano bene!!"
8 novembre 2016,50,Post scriptum,Desidero specificare che la mia recente recensione si riferisce al Pandenus di via Melzi d' Eril e non altri Perch√© la prima che avete pubblicato √® stata attribuita erroneamente al Pandenus via Foppa grazie
30 ottobre 2016,40,Merenda ok!,"Ci siamo fermati per una veloce merenda, il bar √® piccolino, pochi posti a sedere ma se riuscite a trovare posto, la permanenza √® davvero piacevole. Ottime le mini tortine, prezzi medi! Possibilit√† anche di brunch!"
17 ottobre 2016,40,Aperitivo alla Milanese,Sempre un piacere. Posto Milanese D.O.C Spritz ottimo e buonissime cose da stuzzicare all'aperitivo. Sopratutto la pizza appena uscita dal forni
16 ottobre 2016,40,Dalla colazione all aperitivo,"Locale a 360 gradi valido sia per colazione, Brunch che aperitivo alla sera. Colazione ottima ma attenzione al servizio al tavolo (con maggiorazione), brunch molto buono e completo. Aperitivo curato e con pizza molto buona e ingredienti genuini."
10 ottobre 2016,10,Brunch vergognoso,"Posso recensire solo il brunch.  Gli ingredienti erano di qualit√† esecrabile. Caff√® liofilizzato. Le uova ""Benedict"" erano state preparate con delle sottilette (?!). Il ""succo"" che ci hanno portato era una bevanda a basso tenore di frutta (meno del 30%) quasi imbevibile (incredibile, in un posto dove vengono centrifugati freschi). I pancake gommosi e freddi, non accompagnati da sciroppo d'acero.  Unico aspetto positivo, nel cestino del pane c'erano due piccoli pezzi da forno (un mini-croissant e una sfoglia agli spinaci e formaggio) che erano veramente buoni.  Se fossi andato da McDonald's e avessi speso ‚Ç¨10, avrei detto di aver fatto un affare. Per ‚Ç¨25, √® un brunch semplicemente vergognoso. Ci sono ottimi brunch a buffet a Milano per molto meno."
23 settembre 2016,50,Sentirsi a casa!!,"Se volete bervi una cosa nel caos di Milano, questo √® il posto giusto dal giovedi alla domenica. Se volete stare tranquilli, andateci tra il lunedi e il mercoledi. Ma in ogni caso in questo posto vi sentirete a casa!! Alessandro sa come coccolare qualunque cliente arrivi, e il buffet che accompagna l'apericena √® davvero valido."
17 settembre 2016,30,Sono tutti uguali,"Quando si tratta di aperitivo √® difficile distinguere un locale dall'altro. L'unica cosa che bisogna decidere √® su quale angolo di marciapiede si desidera passare un'ora. Questo, come tanti altri, non √® male: drink normali, solite polpettine e focacce e prezzi alti ma usuali. Se sono in un raggio di 20 metri ci torno."
16 settembre 2016,10,Si paga 2 volte-,"Posto carino, ma conservate lo scontrino, perche' vi inseguono quando esci dopo aver gia' pagato. Rischiate di pagare 2 volte!!!!"
6 settembre 2016,50,The best,"Il Pandenus di Melzi d'Eril offre buona qualit√† di prodotti e una sapiente scelta di vini ma quel che lo rende unico √® il team che lo conduce. Non solo professionalit√† ad alto livello ma cortesia, cura, attenzione, premura verso i clienti. Il Pandenus sono loro: Emanuela, Maurizio e Fabio al bar, Valerio e Dario ai tavoli, e tutti gli altri che ci lavorano. Sono sempre andata da sola ma da loro non mi sono mai ""sentita sola"". Grazie ragazzi !!! Marina"
29 agosto 2016,50,Un piacevolissimo aperitivo,"Pandenus al Largo La Foppa √® un luogo adatto per fare un'ottimo aperitivo accompagnato da focacce, stuzzichini vari e piccoli snack pronti al momento. La location √® molto carina e particolare nonch√® accogliente...c'√® la possibilit√† di accomodarsi all'interno o di stare fuori sui divanetti o ai tavoli rialzati. Servizio pi√π che positivo con personale molto gentile."
24 agosto 2016,40,Aperitivo a Moscova- Spritz SaintGermain ottimo,"In una Milano un po' deserta e con tanti locali chiusi, il Pandenus La Foppa ci ha accolte con un ottimo Spritz SaintGermain (che consiglio vivamente di provare) e con i sorrisi dei ragazzi che servivano ai tavoli. Note super positive: gentilezza, sorrisi, locale molto carino e ben curato (anche se non molto grande) e gradevole musica di sottofondo, nonch√© drink buoni! Nota negativa: se prenoti telefonicamente devi pagare 2‚Ç¨ a persona... Il buffet per aperitivo √® costituito da pizza appena sfornata, focacce, polpette di carne, frittatine, cous cous di verdure, mortadella a cubetti... ed anche verdurine (tipo carote crude) e frutta varia. Il tutto √® accompagnato da alcune salse ottime con cui puoi condire delle bruschette di pane. Esperienza positiva."
24 luglio 2016,30,Brunch con qualche pecca,"Assortite le proposte di brunch; preferibile il Belgravia. I piatti non sono nulla di speciale, nonostante la location sia pretenziosa. Al succo d'arancia in tetrapak avremmo preferito una spremuta fresca, cos√¨ un pane dorato a fette bruciacchiate, in segno di maggior dignit√† per il nome che porta il locale. Considerato il prezzo si trova di meglio senza grande sforzo."
30 maggio 2016,30,Grazioso,"Il cibo √® nella media milanese; n√® buono n√® cattivo, e costoso. Il posto √® grazioso, la posizione comoda e il servizio gentile."
24 aprile 2016,10,"Maleducati, cambiate lavoro!","Posti come questi clienti semplicemente perch√© sono zona di passaggio, ma chi va una volta non ci torna pi√π' (almeno noi non ci torniamo pi√π') Personale arrogante maleducatissimo, io vi consiglio seriamente di cambiare lavoro."
14 aprile 2016,30,Per un veloce pranzo di lavoro,"Sono arrivata un po' tardi (intorno alle 14,30) e non c'era molta scelta, ma ho potuto comunque pranzare con un'insalata di orzo. Piatto nella media, di quelli che potresti prepararti anche a casa.. Costo eccessivo ma in linea con i locali milanesi."
7 aprile 2016,40,Rilassante,"Perfetto luogo d'incontro per rilassarsi con gli amici, bere qualcosa e concludere una perfetta giornata di lavoro"
7 aprile 2016,40,Relax,"Davvero rilassante, curato, perfetto per svagarsi a fine giornata di lavoro o anche semplicemente per incontrare qualche amico"
21 marzo 2016,10,Aperitivo terribile,"Aperitivo una domenica sera: Locale piccolo strettissimo, si sta pigiati. Buffet minimalista con 5 o 6 vassoi con mortadella (il salume meno costoso del pianeta), una ciotola di cubetti marroni (?) che nessuno ha osato toccare (?), focaccia bella ma totalmente insapore, diverse salse ma tutte piccanti, spezzatino di wurstel (forse anche meno costoso della mortadella...), cubi di ananas non maturo (ma qualcuno lo assaggia?) e pizza al trancio buona ma portano 1 vassoio ogni quarto d'ora (figurarsi). Ordiniamo quindi 1 toast e 1 insalata. Toast con pancarre bianco + 1 fetta formaggio a fette + 1 fetta prosciutto di spalla, costo 5,5‚Ç¨ e materie prime abbondantemente sotto i 0,5‚Ç¨. Insalata con lattuga + rucola + 3 fettine di salmone, costo 12‚Ç¨ e materie prime forse 2‚Ç¨. Non era neanche condita. Chiedo da bere un rum collins con lo zucchero vero invece dello sciroppo, arriva un bicchierone di ghiaccio senza lime (?) ma con limone (??) e talmente pieno di limone da essere imbevibile. Mai pi√π."
7 marzo 2016,40,Ottimo Brunch,"Posto ottimo per il Brunch domenicale  Offre un piatto a base di uova con carne e o pesce √® compreso nel prezzo succo caff√® marmellate e Nutella ...  Buon rapporto qualit√† prezzo  Conviene prenotare perch√© il posto √® piccolo. Ci sono due turni alle 13,30 e alle 15"
6 marzo 2016,40,"Ottimo brunch, ma...","Siamo giunti in questo locale per caso dopo aver gironzolato in lungo e in largo per Milano ed √® stata un'ottima scoperta. Il locale √® molto piccolo e i tavoli sono stivati in pochi metri quadrati. L'ambiente ha un arredato che dona un'atmosfera calda e rilassante anche se lo spazio risotto fa passare in secondo piano il lato ""rilassante"", questo viene ampiamente ricompensato dal lato gustoso e sfizioso che si assapora quando si entra e per tutta la permanenza nel locale. Il brunch non √® economico, ma le pietanze servite sono ottime: uova all'occhio di bue cotte bene, anche se sotto avevano la crosticina; hamburgher morbido, gustoso, corposo e ottimamente cotto; farcitura del burgher saporita e fresca; patatine fritte fantastiche, cotte molto bene, saporite e leggere; insalatina di spinacini freschi conditi con noci e pomodorini; infine, dolce fragola-cioccolatoso ricoperto di panna montata. Succo di frutta e caff√®. Non sono un culture del brunch, ma questo l'ho trovato eccellente! Seduti al tavolino fronte cassa, ovvero nel passaggio fra sala e cucina, √® da evitare assolutamente come la peste perch√® l'andirivieni di clienti che vanno alla toilette o del personale in servizio rende decisamente fastidiosa la seduta gastronomica con le delizie servite. Il cameriere ha addirittura rovesciato a terra un bicchiere di succo posto sul nostro micro-tavolino facendolo cadere sulle ns. scarpe, scuse minime e succo riportato al volo. A parte lo scortese e frettoloso cameriere, il resto del personale √® gentile e disponibile. Incursione culinaria da ripetere..."
28 febbraio 2016,20,Ambiente simpatico ma brunch deludente,"Abbiamo provato con amici questo locale in zona Moscova che ci era stato descritto molto positivamente. Il posto in effetti √© molto carino (anche se un po' angusto) e in una zona centrale. Tuttavia il brunch, nonostante le porzioni abbondanti, ci √© sembrato troppo semplice e non adeguato al prezzo proposto, 25 euro."
22 febbraio 2016,40,"OTTIMO BRUNCH, MA POCO SPAZIO","Sono stata qui con il mio compagno e un'amica, il brunch io lo trovo ottimo. Ho scelto un menu con uova benedict, patate al forno, insalatina, pancake e yogurt con frutta: i pancake che di solito non mi piacciono molto erano strepitosi, cos√¨ come le uova. Forse mi aspettavo un bicchiere di yogurt e frutta un po' pi√π sostanzioso, visto che c'erano giusto due fragole tagliate. Un pallino in meno perch√® in tre in quel tavolino eravamo proprio strettissimi, e per la fretta che viene messa quando la prenotazione √® nei primi orari disponibili: ovviamente c'√® necessit√† di liberare i tavoli per gli altri avventori, per√≤ non mi piace proprio mangiare di corsa, soprattutto la domenica."
21 febbraio 2016,40,Buon brunch!,"Piccolo bistrot subito fuori la fermata Moscova della metro. Consigliato per colazione, aperitivo o brunch. Ottima selezione di dolci, pane e panini farciti. Sabato e domenica brunch molto abbondante con 4 menu a scelta, prezzo fisso 25 euro"
20 febbraio 2016,30,Carino e bella musica,"Per una festa di compleanno , aperitivo ok, torta cos√¨ cos√¨. Bella musica ""dei miei tempi"" rivisitata üëçüèª serata piacevole"
18 febbraio 2016,10,Solita delusione,"Provo e riprovo a dare fiducia a questo locale ma sempre deluso. Personale che sbadiglia, sembrano infastiditi quando entri e ordini. Tanta scena poca professionalit√†. Sconsigliato"
15 febbraio 2016,50,Perfetto,"Uno dei miei posti del cuore. Ho vissuto per tanti anni a cento metri da Largo La Foppa, e negli ultimi anni Pandenus era il mio posto preferito per colazione e aperitivo. Ottimi i dolci, buonissimi gli yogurt. Ottimo cappuccino. Cocktail fantastici e qualit√† del cibo per l'aperitivo superlativo. Consigliato"
7 febbraio 2016,30,Ma che freddo!,"Brunch nella media: ottime le selezioni di pane con marmellata e crema al cioccolato, dignitose ma nulla pi√π le uova benedict (servite senza salsa olandese). Sul servizio non ci siamo: frettolosi, appena finito il caff√® ci hanno fatto alzare perch√© avevano un'altra prenotazione (stimando quindi in massimo un'ora il tempo in cui puoi stare seduta), il t√® non si sa per quale misterioso motivo non √® considerato una bevanda da brunch ma te lo devi pagar a parte, ma sopratttto ho patito un freddo allucinante, tanto da aver mangiato con il cappotto sulle spalle"
1 febbraio 2016,40,Ottimo aperitivo a Milano,"Sono stato qui pi√π volte sempre per aperitivo e non sono mai stato deluso. I cocktail sono ottimi (molto consigliato lo spritz St.germain) e il cibo √® abbondante e rifornito di continuo. Il locale √® molto carino e particolare unica pecca √® la dimensione abbastanza ridotta motivo per cui √® meglio prenotare se si √® in pi√π di 2-3. L'atmosfera √® ricercata con una gradevole musica lounge di sottofondo che comunque permette di conversare agevolmente senza dover urlare come in tanti altri locali. In generale un ottimo posto per aperitivo, molto consigliato"
19 gennaio 2016,30,Aperitivo ripetitivo,"Locale molto piccolo, quindi spesso affollato. Essendo pensato come una panetteria, per l'aperitivo il buffet √® prevalentemente a base di pane e affini, non c'√® una grande variet√†, i drink per√≤ non sono male. A pranzo il men√π √® abbastanza stuzzicante, ma non si spende poco (difficile stare sotto i 15 euro), ma in quella zona √® nella norma."
18 gennaio 2016,30,"Molto buono, ma molto caro!","Locale molto piccolo, indispensabile prenotare se si √® in pi√π di due persone, altrimenti si rischia una lunga attesa. C'√® un'ottima scelta di primi (paste, risotti e zuppe) e di secondi (tra carne e pesce). Personalmente apprezzo moltissimo l'abbinamento di sapori che lo chef propone e l'uso di spezie che spesso ricorrono nei piatti (curry, zenzero...). Unica grande pecca: il conto. Per una zuppa e una bottiglia d'acqua si arriva a pagare anche 14‚Ç¨. Quindi concludendo: √® il posto dove andare quando ho il desiderio di un piatto leggero, sano e al contempo sfizioso, ma ovviamente a causa dei prezzi non √® un locale da frequentare quotidianamente per la pausa pranzo."
12 gennaio 2016,40,Concorrente di princi,"Dopo Princi , ecco Pandeus!!!!! Un forno che nasce per produrre pane ma espande il suo business anche nel food veloce e volendo anche in piedi. Non √© il mio genere ma i prodotti Sono buoni e ben presentati. Prezzi medio alti."
8 dicembre 2015,40,Brunch: da provare!,Locale piccolo ma accogliente. Abbiamo provato il brunch e i piatti erano veramente buoni con buon rapporto qualit√†-prezzo. Anche il servizio ottimo. Camerieri disponibili e gentili.
6 dicembre 2015,30,meglio che da princi ma che prezzi!,"la colazione qui √® un vero piacere: locale accogliente e piacevole, personale gentile e scrupoloso, buona qualit√† del cibo. le brioches sono burrose ma molto buone e credo anche il resto dei dolci (ho provato solo lo strudel a parte quelle e non era male), offrono anche possibilit√† di colazione salata. il problema sono i prezzi altissimi e decisamente esagerati. si rischia di spendere pi√π di 6 o 7 euro per una colazione in due."
25 novembre 2015,40,aperitivo in centro,Piccolo locale con buon servizio e vasta scelta di cocktails e aperitivi. Buon buffet e buon servizio.
24 novembre 2015,20,Apparenza senza sostanza,"Entriamo, una ragazza dietro al bancone ci sorride e ci prega di accomodarci, molto carina. Ci sediamo con l'intenzione di prendere un t√® o una tisana e, quando pensavamo di poterla scegliere, il cameriere senza troppa voglia di risponde che ne hanno solo una. Ci sembra strano che un bar d'inverno abbia solo un tipo di tisana ma lasciamo perdere. Arrivano dopo qualche minuto due tazze sbeccate, sembrano anche non proprio pulitissime, la tisana in una teiera enorme e pesante. Chiedo un bicchiere d'acqua e il cameriere lo prende con le mani dal bordo (ci devo bere io, non tu!!). Tisana scadente, servizio pessimo e molta poca educazione."
19 novembre 2015,50,Un luogo molto piacevole!,"Sono stato in diverse occosioni in questo posto e mi sono trovato molto bene: ambiente tranquillo, bella musica di sottofondo, location fantastica e ottimo cibo. Consiglio a chi vuole rilassarsi e fare un piacevole break!"
1 novembre 2015,40,Buona colazione,"Ottima scelta di brioche, cornetti ed altre delizie, posto piccolo ma molto carino, personale cortese e disponibile. Ho anche notato una buona variet√† di panini e pizzette. Prezzi medio alti."
27 ottobre 2015,50,"Estrema gentilezza, ottimo cibo","Sono stata da Pandenus un sabato per il Brunch con un'amica. Il locale √® piccolo ma molto carino, il personale √® molto gentile e disponibile e il cibo √® di ottima qualit√†. Unica pecca il fatto che si siano persi il nostro ordine e che quindi abbiamo aspettato un po prima di iniziare a mangiare. Ad ogni modo hanno saputo rimediare al danno fatto non appena se ne sono resi conto. Servizio eccellente, ci torner√≤ senz'altro!"
26 ottobre 2015,40,"Buon brunch, prezzo contenuto, servizio cortese! Ci torner√≥ sicuramente!","Mi sono trovata molto bene a fare un brunch! Il locale √® molto piccolo, direi un massimo di 25 coperti, quindi consiglierei di prenotare! Per 20‚Ç¨ si mangia bene e tanto! Pane servito con marmellata, crema di nocciole e burro! Hamburger buono, patatine appena fritte e croccanti, uova a scelta! Nonostante l'ordinazione fosse andata persa tanto che dopo 40 min non era ancora arrivato il cibo, la cameriera si √® mostrata cortese e si √® scusata portandoci dell'altro succo e per finire due dolci! Da questo si denota un'attenzione da parte della gestione nei confronti del cliente, cosa non da poco! Da qui la mia recensione positiva del ristorante!! ;)"
22 ottobre 2015,40,Colazione veloce,"Nell'attesa del treno ci affidiamo a tripadvisor x la scelta del posto in cui fare colazione....interno accogliente, non c'era una vasta scelta di cornetti (forse x l'ora un po' tarda ma in compenso ho intravisto torte di bell'aspetto) quelli provati sono molto buoni. Idem cappuccino e caff√®. Abbiamo preso due squisite focacce farcite (vegetariane) x il viaggio. Consigliatissimo."
21 ottobre 2015,40,consigliato!,"Lavorandoci vicino, ho provato Pandenus di largo la foppa sia a colazione che a pranzo che per l'aperitivo infra settimanale. Il locale √® piccolo ma molto carino, facile da riempire. A pranzo pochi piatti ma di qualit√† (prezzo medio ‚Ç¨ 15), a colazione ampia scelta e buon caff√®, durante l'aperitivo il buffet √® abbastanza ricco e molto buono. Il cocktail ben fatti e offre di vini di qualit√† superiori alla media."
14 ottobre 2015,30,Aperitivo per pochi intimi!,"Sono stata per un aperitivo intrasettimanale. Il locale √® grazioso ma molto piccolo, gi√† durante la settimana si riempie subito. Siamo riusciti comunque a trovare un tavolino. Il buffet √® di qualit√†, su tutto ho apprezzato le torte salate e le polpettine, ma c'√® anche frutta, cous cous, frittata e afffettati. Il cocktail che ho preso era buono, non eccessivamente alcolico, il giusto. Il personale √® disponibile, il servizio veloce. Il prezzo in linea con gli altri locali della zona. Unica pecca le dimensioni, quindi. Consigliato per un aperitivo tra pochi amici, meglio se durante la settimana."
14 ottobre 2015,50,Il miglior moscow mule di sempre,Vado spesso in questo locale a bere con i miei amici. La qualit√† in generale dei drink √® molto elevata. Il locale √® piccolino ( Piu o meno 20 posti). C'√® un altro pandenus molto grande in corso concordia.
12 ottobre 2015,50,Ottimo Brunch!,"Sono stata in questo locale per un brunch domenicale con le amiche e devo dire che mi √® piaciuto molto. Il brunch era molto vario ed abbondante, impossibile alzarsi ed avere ancora fame. Location piccola ma carina! Personale gentile."
8 ottobre 2015,40,"Cool, but bad service","Amando la colazione, ho trovato ottimi feedback su Pandenus. Posto piccolino, cos√¨ come piace a me e curato nei suoi dettagli. Cucina a vista un po' old stile con grosse piastrelle bianche e ceste di frutta. Interessante selezione di dolci e paninetti e ottimo cappuccino. Peccato per la scortesia nel servizio che rovina l'atmosfera e la bellezza di Pandenus. Zero professionalit√† da parte della ragazza che ci ha serviti."
5 ottobre 2015,50,Ottimo brunch,"Ho mangiato qui domenica,menu stupendo...ottimo hamburger ed anche l'uovo perfetto...prezzo ottimo,co yonerovokentirto"
3 ottobre 2015,30,Posto carino per aperitivo,"Il locale √® molto carino e ben arredato, ma purtroppo anche molto piccolo, per cui non √® scontato trovare posto. Il servizio √® molto cortese e ragionevolmente rapido. Il cibo per l'aperitivo non √® forse abbontantissimo o troppo vario nella scelta, ma buono e offre alcune scelte originali come pezzi di anguria o di carote crude."
11 settembre 2015,40,pranzo chic,"Sono stata qui per pranzo con amici, locale piccolino molto rustico e particolare, non c'√® un menu, ti fanno vedere i piatti e i panini che hanno pronti e scegli subito. Ho ordinato tartare di manzo molto buona, ho assaggiato tartare di salmone e hamburger della casa molto buono. 15 euro compreso di acqua e caff√®. buon rapporto qualit√† prezzo, bagno pulito con candele e profumato.. stupendo insomma. voglio sicuramente tornarci per un brunch il week end!!!!"
3 settembre 2015,40,"Colazione, aperitivo dopo cena, a voi la scelta..","Con la famiglia abbiamo avuto modo di farci colazione la mattina, ottimi cornetti e cappuccino, servizio veloce e pulito, la sera se ci si ferma per un aperitivo non si rimane scontenti."
2 settembre 2015,30,Carino ma niente di che,Il posto e' carino ma piccolo. Meglio la colazione e le brioche che il pranzo. Non particolarmente gentili tanto e' sempre frequentato in quanto super centrale. Pranzo nulla di che e prezzi alti
16 agosto 2015,40,Aperi-cena!,"Meno modaiolo del rinomato vicino di casa Radetzky, decisamente piu popolato ma qualitativamente inferiore, Pandenus consente di bere un bicchiere di spritz, vino, o qualunque altra cosa vogliate, mangiando, per la cifra di 5 euro Personale gentile, locale accogliente. Unico neo: dentro lo spazio √® poco ed il locale √® spesso sovraffollato, quindi a meno che non vogliate stare fuori, carinissimo comunque, √® bene prenotare un tavolo."
19 luglio 2015,40,Simpatici!!!,"Buona qualit√†, ma anche 'simpatici'! Locale accogliente, ottima scelta tra spuntini dolci e salati. Purtroppo non c'√® molto posto internamente (si sta un po' stretti) ma pazienza!"
5 luglio 2015,30,Ottimi cocktail,"Piccolo locale con pochi tavolini. Ottimo per un cocktail all'aperto (trovare da sedere √® un po' arduo). Cibo piuttosto caro (la pizza, comunque, √® buona) ma i cocktail (preparati con stile) hanno un prezzo nella media. Servizio gentile e rapido."
9 giugno 2015,30,Caruccio,"Ci sono stato due volte, una a colazione ed una ad aperitivo. Le paste a colazione molto buone. Aperitivo devo dire caro (8‚Ç¨ uno spritz) per la scarsa variet√† di prodotti tra cui scegliere. Per questo motivo tolgo un punto. Locale carino ma piuttosto piccolo, dovrete prenotare per fare aperitivo. Noi siamo arrivati presto e ce ne dovevamo andare altrettanto presto quindi ci hanno concesso un tavolo prenotato. Staff capace."
