19 marzo 2022,10,3 euro un cappuccino... Questi sono fuori di testa,Il titolo parla da solo. 3 euro per un cappuccino. Non sono giustificabili. Alcuni gestori di locali hanno perso completamente il lume della ragione. Tra questi ci sono quelli di questo locale. Ci andavo spesso per una colazione in famiglia. Mai pi√π. Sconsigliato nella maniera pi√π assoluta.
13 marzo 2022,20,Bocciato,"Brunch domenicale: accoglienza pessima del ‚Äúdirettore‚Äù che sentenziava di avermi chiamata (mostrato telefono, nessuna chiamata) e che non avevo confermato (avevo loro conferma via email), dirottata all‚Äôesterno freddo e sul marciapiede popolato, mio rifiuto finalmente mi indica un tavolo decente. Cameriere gentili ma distratte, se non urlo no ti vedono. Pietanze buone ma risicate, dolce terribile. Una bottiglia di prosecco qualsiasi in tre pagato euro 45 a testa. Evito ulteriori commenti."
5 marzo 2022,10,Pranzo pessimo,Abbiamo letto il menu e fatto domande alla cameriera su alcune portate ma le risposte non erano molto chiare alnche abbiamo deciso di provare il Polpo griliato ma grigliato non era per niente ma era bollito e gommoso e insipido! Poi i Maccheroni cacio e pepe ma senza cacio allungato con panna e cottura molto al dente! Sconsigliatissimo!! E poi anche il prezzo no comment!! Non torneremo mai pi√π!
27 febbraio 2022,10,Brunch non qualificabile,"Non do una stella perch√© il posto tutto sommato √® bello e il cibo √® buono. Siamo venuti una domenica a febbraio per fare un brunch. Prenotiamo al telefono e non ci viene detto che il tavolo sarebbero stato all‚Äôaperto e all‚Äôombra. Arrivati il responsabile ci tratta con estrema sufficienza, quasi come gli arrecassimo fastidio. Chiediamo se si pu√≤ accendere la stufa affianco a noi ma la risposta √® negativa (non hanno il pellet, dicono; voglio vedere se la sera non le accendono, penso). Fortunatamente riusciamo a guadagnare un tavolo all‚Äôinterno e arriva il primo piatto di brunch, peccato che il secondo non arriva e la mia ragazza da un tempo a finire tutto il piatto prima che arrivi il mio. In pi√π avevamo chiesto pancakes con sciroppo d‚Äôacero e invece arrivano con frutta e basta. Onore al fatto che abbiano riconosciuto l‚Äôerrore e abbiano applicato uno sconto al totale, senza che lo richiedessimo. Purtroppo per√≤ l‚Äôerrore ci ha rovinato il brunch, unito al fatto che i tortini di patate erano palesemente riscaldati e che la salsiccia promessa nel menu √® una salamella. Personalmente non lo consiglio. Nota positiva la disponibilit√† delle cameriere, opposta al responsabile."
16 febbraio 2022,10,Prezzi da pazzi,"Aperitivo in 3 al tavolino sul marciapiedi. Spritz Campari (senza nulla di corredo, un'oliva, una nocciolina....) per soli ‚Ç¨ 10, Club Sandwich (un grande toast tagliato in 4 con un piccolo cestino di patatine fritte) per soli ‚Ç¨ 16, 3 cappuccini per soli ‚Ç¨ 3 cadauno, 1 cappuccino deca ‚Ç¨ 2,50. A questi simpatici prezzi si aggiunge il coperto, per soli ‚Ç¨ 3 a persona (senza considerare che due di noi hanno solo chiesto un cappuccino). Se non vi √® ancora capitato di pagare il coperto per l'aperitivo, provate al pan de nus. Il totale fa ‚Ç¨ 43 ahahahah. Rido amaramente perch√© il pollo sono io che mi sono fatto spennare in questo modo. Allego foto dello scontrino. Sulla qualit√† - se fosse paragonata a prezzi normali - niente da dire. Il servizio volenteroso ma in difficolt√† per l'affollamento dell'aperitivo del sabato."
13 febbraio 2022,10,State lontani! Trattamento inaccettabile,"In tre, dovevamo mangiare qualcosa perch√© avremmo saltato la cena per uno spettacolo al Piccolo. Entriamo alle 18:05 chiedendo se sia possibile bere t√® con dolci ma no, ci dice il cameriere, sono passate le 18 e non facciamo pi√π caffetteria, solo aperitivi. Chiedo se si tratti di un aperitivo cenato sostanzioso e mi spiega: olive, pinzimonio e pezzetti di pizza. √à possibile comunque prendere anche qualcuno dei dolci di cui il bancone trabocca ancora? S√¨ s√¨, ma senza t√®. Ok. Tutti i nostri vicini di tavolo avevano tazze di t√®, quindi chiedo a un'altra cameriera se sia possibile ma niente, non si transige: dopo le 18 spaccate non si fa pi√π caffetteria. Non abbiamo chiesto mica di regalarcela, non ci spieghiamo questa rigidit√†. Arrivano i tre cocktail, senza cannuccia (ottimo in tempi di Covid) e con due stecchini e due tovagliolini per tre persone. Ok. Ci danno gli striminziti stuzzichini sopra descritti mentre la cameriera ci passa accanto con due vassoi pieni di panini e tramezzini... Al che chiedo al suo collega che ci aveva servito se fosse possibile avere anche noi quelle cose. ""No, quelli sono avanzi del brunch""... Eh, ok, portali anche a noi, no? Ultima spiaggia, torno al bancone per prendere qualche muffin e fetta di dolce fra quelli visti poco prima entrando ma... avevano tolto tutto! Tutto inaccettabile e senza senso, l'impressione (che ritrovo confermata in altre recensioni) sia che vadano a simpatia, per clienti abituali o turisti stranieri. Il tutto a 30‚Ç¨, per un trancio di pizza del giorno prima fatta in sei pezzetti, due striscioline di sedano e peperone crudo e dei cocktail che il mio falegname con 10mila lire te li fa meglio. Cambiate mestiere se l'accoglienza e la ristorazione non fanno per voi."
7 febbraio 2022,10,Mai pi√π.,"Ci siamo recati in questo locale in 6 per un aperitivo. Per iniziare col botto ci hanno detto che dentro non c'era posto (locale palesemente vuoto) e che potevamo pagare solo con la carta. Ci siamo accomodati nei tavolini fuori, senza che nessuno chiedesse green pass, e abbiamo chiesto gentilmente se potessero accendere la stufetta, ma si sono rifiutati (tutt'ora non abbiamo capito il motivo). Arriva il cameriere, chiediamo 6 spritz e degli stuzzichini, ma non ci hanno portato nemmeno patatine/arachidi o qualsivoglia snack perch√© ""non √® rimasto nulla/l'aperitivo inizia alle 18"" (erano le 17 passate). Invece al tavolo di turisti stranieri vicino al nostro hanno trovato cose da portare. Abbiamo pagato 10‚Ç¨ e sembrava pure ci avessero fatto un favore. Bah."
28 gennaio 2022,50,Gentilezza assicurata,"Ottima serata! Io e le mie amiche ci siamo imbattute in questo locale per caso. Abbiamo trascorso una piacevole serata, camerieri molto accomodanti e attenti, nonostante il locale fosse pieno. Ottime bevute, leggermente sovrapprezzo.  Il nostro cameriere √® stato molto disponibile e ci ha illustrato con pazienza e dedizione tutta la vasta gamma di alcolici particolari di cui dispongono.  Da tornarci per la gentilezza del personale."
8 dicembre 2021,10,Servio pessimo e non attenzione al cliente,"Servizio pessimo. Ordiniamo aperitivo e ci portano solo drink dicendo che arriveranno stuzzichini ,dopo mezz'ora non arriva nulla e ci alziamo, lo diciamo sulla cassa e in modo scortese ci fanno pagare il prezzo completo. No comment ... che attenzione al cliente .... andate a scuola ."
24 novembre 2021,10,Servizio pessimo e non chiedono il green pass,"Servizio pessimo. Cliente trattato con sufficienza, manco fossimo chiss√† dove. Personale non preparato. Ogni tanto ho fatto colazione, (anche recentemente) ma puntualmente le cose non sono cambiate. Aggiungo che non mi √® mai stato chiesto il green pass nonostante mi fossi seduto (stessa cosa fatto agli altri clienti che prendono la colazione dal bancone e la consumano seduti)."
17 ottobre 2021,10,Servizio scadente,"Location indubbiamente carina in uno dei quartieri pi√π belli di milano, atmosfera calda e sofisticata. Peccato che questi pregi siano completamente nascosti dall‚Äôincompetenza del personale e dello scadente servizio. Ordiniamo due caffe e due biscottini. Non credo esista richiesta pi√π semplice. Arriva il tutto dopo un‚Äôora sbagliando pure la tipologia dei biscotti. Il cameriere ha anche il coraggio di mostrarsi infastidito di fronte alle sollecitazioni riguardo la lunga attesa e la segnalazione della pietanza sbagliata. Nessuna scusa di fronte all‚Äôevidente servizio imbarazzante. Le carte in regola per un‚Äôesperienza piacevole c‚Äôerano, purtroppo la gestione ha rovinato il tutto"
17 ottobre 2021,50,Consigliatissimo,"Ammetto che il mio giudizio √® molto dipeso dallo staff a cui sento di dover fare i migliori complimenti. Gentili, rapidi ma non eccessivamente catturati dal trend meneghino e molto disponibili. Ho fatto apero qui tante volte e tante volte torner√≤. A partire dalla formula che, con mia immensa felicit√†, associa anche un buon pinzimonio, oltre ad una quantit√† di pizzette e cibo realmente commestibile, non sempre reperibile qui. Anche con una semplice coca zero, mi hanno trattata al meglio. Mi sento di menzionare soprattutto Francesca che, con la sua gentilezza, ha saputo far fronte a tutte le mie richieste. Cura del dettaglio che, a Milano, non fa mai male ed interni molto puliti."
10 ottobre 2021,10,Peggior personale di tutta Milano,"Mi sono recata da Pandenus con delle amiche per il brunch della domenica. Abbiamo dovuto ripetere l‚Äôordine 3 volte alla cameriera, la quale ha comunque sbagliato dimenticandosi completamente il piatto di una ragazza che ha dovuto mangiare da sola mezz‚Äôora dopo; le spremute che avevamo ordinato sono arrivate quando avevamo finito di mangiare e siamo state costrette a rimandarle indietro, inoltre √® arrivata una cheese cake che avevo disdetto due volte. Cameriera pi√π maleducata e svogliata che abbia mai incontrato in un locale in tutta la mia vita. Prezzi altissimi e qualit√† del cibo veramente scadente. Sconsiglio vivamente a chiunque di andarci."
10 ottobre 2021,10,Cafoni incivili,Arriviamo e la cameriera pulisce un tavolo sul quale erano stati lasciati 5 mozziconi lanciando i mozziconi per terra. Quando le ho fatto notare che non mi sembrava carino mi ha risposto in modo maleducato. D'altronde a giudicare dalle recensioni mi sembra che il buonsenso non sia proprio di casa
9 ottobre 2021,20,Peccato,"Ho pranzato qui con un paio di amiche. Servizio scortese, piatti molto pesanti e prezzi FOLLI. Abbiamo pagato 3 euro di coperto (tovagliette di carta e un tavolo minuscolo) e 3 euro di caff√®. Mai pi√π!"
25 settembre 2021,10,Non beveteci mai,Terribili i cocktail. Andate a bere dai cinesi e almeno bevete male e uguale. Mai piu‚Äô. Peccato non aver avuto Un‚Äôalternativa
18 settembre 2021,10,Attenti al drink!,"Un gin tonic servito con una schweppes commerciale pagato 17 euro! Compreso che il gin era di qualit√†, allora pretendo che mi sia servito a dovere e non pagare una cifra assolutamente sproporzionata per un long drink servito in modo assolutamente sbagliato."
1 novembre 2020,20,Brunch,"All‚Äôarrivo non risultava la prenotazione regolarmente effettuata il giorno prima. Si sono dimenticati una portata, ho provato a fare pi√π volte un cenno per richiamare l‚Äôattenzione del personale per avere due caff√®, ma niente da fare. Tenendo conto del fatto che non erano presenti molti ospiti e che in questo periodo forse sarebbe il caso di riservare una maggiore attenzione al cliente, non ho trovato veramente nulla di particolarmente buono, comprese le uova al tegame servite quando oramai erano fredde."
13 febbraio 2020,50,A me piace moltissimo,"Frequento spesso questo locale quando sono a Milano. L‚Äôambiente √®‚Äô piacevole, la qualit√† √®‚Äô elevata e le persone che ci lavorano sono splendide. Cosa chiedere di pi√π?"
11 febbraio 2020,20,Dimenticati!,"Dim√®nticati di questo posto... come noi siamo stati dimentic√†ti al tavolo! Nonostante il locale mezzo vuoto, ci hanno fatto attendere 10 min prima di avere il tavolo; poi lentissimi sia nel raccogliere le ordinazioni che nella consegna dei piatti (peraltro con l‚Äôantipasto ritardato insieme al main course!). Ho dovuto sempre alzarmi per andare a cercare un cameriere per ordinare un drink in pi√π, la lista dei dolci o per chiedere il conto. Cibo comunque gradevole, anche se la lista √® molto molto limitata. Si pu√≤ migliorare..."
5 febbraio 2020,10,aperitivo - solo le olive erano decenti,"sabato sera abbiamo optato per un aperitivo pre-teatro al pandenus di via Mercato a Milano, il locale ci sembrava di classe, non avevamo voglia di aperitivi dozzinali. Ci siamo ricreduti: il cockatail non erano niente di speciale e ci hanno servito un quadratino di pizza tagliato in 4 strisce (meno male che eravamo solo in due) una ciotolina con 2 pezzi di carota, 2 di sedano e 2 cetrioli conditi in qualche modo e una ciotolina con un po' di olive. Per la modica cifra di 24 euro, per 2 comunissimi cocktali. Che vergogna! Mai pi√π"
3 febbraio 2020,20,Ladri Patentati,"Sono stata a fare un Brunch con un'amica, l'accoglienza √® stata buona anche se abbiamo dovuto aspettare 10minuti perch√© pieno, nel frattempo, esternamente, abbiamo letto il menu e di conseguenza scelto l'opzione. ATTENZIONE nella cifra non comprende il bere e devo dire che come brunch √® stato molto scadente, se volevi qualcosa d'altro oltre le uova del menu', dovevi pagarlo a parte! Ho preso il menu' baby 14euro un piccolo hamburger con patatine fritte era compreso il succo che ho dovuto chiederlo per ben due volte e il brownies che anche qui ho chiesto se potevo cambiarlo con qualcos'altro, negato, e poi alla fine dopo che anche qui lo chiesto per ben tre volte, mi chiedono se voglio una chiacchera perch√© finito brownies, e per sbaglio ne portano un'altra dicendo.....la offriamo noi. La mia amica prende il menu' da 16euro con le omelette (non ricordo il nome), pi√π che omelette era una frittata, con 2 fette di numero di prosciutto cotto, due patate arrosto e qualche foglia di insalata, il bere a parte acqua 3euro e un caff√® altri 3 euro Che miseria per un Brunch. Ah e non vi ho detto..........si paga il coperto di 3euro a persona!!!!!! serviti su tovaglietta di carta e fazzolettino. Veramente indecente, scegliete altri posti meno cari e con pi√π' qualit√†' , pi√π che un Brunch √® stato un furto ai nostri portafogli."
20 gennaio 2020,10,Servizio pessimo,"Conosco questo posto da diverso tempo ma purtroppo, da quando √® cambiato il manager il servizio √® andato decisamente in declino. Siamo entrati, in 3, per fare un aperitivo, nessuno ci ha accolto o quantomeno salutato. Ci siamo accomodati sugli sgabelli davanti al bancone ma hanno continuato totalmente ad ignorarci. Ad un certo punto ho fermato un cameriere al quale abbiamo fatto l'ordine di 3 bicchieri di vino che ci hanno portato senza nessun stuzzichino.Solo quando avevamo terminato il nostro drink ci hanno portato un piattino con 3 striscioline di pizza...Credo che il servizio e l'accoglienza andrebbero decisamente rivisti, non si pu√≤ affidare un locale simile a ragazzini inesperti considerando che i prezzi non sono decisamente da trattoria."
19 gennaio 2020,30,Attesa infinita!,"Avevo prenotato alle 13:30 di domenica, ma ci hanno fatto attendere fino alle 14 prima di darci un tavolo. Dopo aver ordinato, abbiamo atteso altri 30 minuti. Siamo riusciti a mangiare soltanto alle 14:30. Inoltre, c‚Äô√® una grande confusione nel locale, √® molto affollato e la musica √® altissima. Il locale in s√© √® carino, ma si √® rivelato un pranzo tutt‚Äôaltro che rilassante. Oltre a tutto, l‚Äôattesa non √® valsa la pena, il mio risotto era piuttosto insipido."
18 gennaio 2020,10,Musica a palla e nervi a fior di pelle,"Arrivati per caso stanchi dopo una lunga passeggiata chiediamo di fare aperitivo (siamo entrati alle 19.45). La musica all'interno √® assordante e fuori luogo per un posto che non dovrebbe essere una discoteca ma un posticino tranquillo. Lunghe attese anche solo per i drink a locale mezzo vuoto. Ovviamente siamo stati parcheggiati nell'angolo pi√π remoto del locale perch√© in compagnia di un bimbo di tre anni. Attendiamo invano l'arrivo di qualche piattino col cibo che avrebbe dovuto accompagnare i drink pagati cari...il cibo arriva, si: 6 olive e 5 mini strisce di pizza (ricordo che eravamo in tre). Dopo mezz'ora abbondante abbiamo dovuto correre ai ripari ordinando dal menu. Il cibo non arriva, non arriva, non arriva e il bimbo piagnucola dalla fame...dopo aver ricordato l'ordinazione tre volte ai camerieri finalmente arrivano le ordinazioni dopo 50 min (e nessuno stava mangiando). Cibo discreto, conto salato... oltretutto per nostra distrazione ci siamo accorti ormai a casa di aver pagato anche alcuni euro in pi√π per una pizza piccola pagata come grande. Non ci torneremo, in pi√π getta cattiva luce sugli altri locali della catena che hanno un servizio decisamente migliore."
12 gennaio 2020,20,"""Errare humanum est""","Esperienza assolutamente disagiante per un posto che sembrava promettere trionfi di benessere culinario. Tavolo assegnato con almeno 20 minuti di ritardo, fortunatamente la cameriera nel frattempo ci chiamava ""amore"" per sdrammatizzare la lunga attesa. Particolarmente confusionale il momento dell'ordinazione, problemi evidenti di comunicazione per cui alcuni sono dovuti ricorrere al linguaggio dei segni. Tanto √© vero che alla domanda ""c'√® l'hamburger di pollo?"" la risposta √© stata: ""Si le patate al forno"". Nonostante l'impegno e la buona volont√† i piatti sono arrivati sbagliati e scombinati. A livello culinario di buono c'era l'acqua frizzante e la coca cola zero, assolutamente da provare. E cos√¨, mentre gli ospiti degustavano la loro cheesecake al pongo servita con cucchiaini sporchi di gelato, tutto ci√≤ esposti ad una temperatura di 15 gradi centigradi (probabilmente il gentile staff aveva come obbiettivo quello di evitare un ipotetico shock termico del cliente all'uscita dal locale), arrivava il tanto atteso conto condito con aggiunte gratuite di 2‚Ç¨ qua e l√†, facendo cos√¨ perdere definitivamente la pazienza a tutti i commensali. ""Errare √© umano"", questa la giustificazione dell'amorevole cameriera. Dulcis in fundo, la ciliegina sulla torta al momento del pagamento alla cassa: alla richiesta di pagare una somma distribuita diversamente dalla distribuzione prefissata, la cameriera un po' meno amorevole, dopo aver preso sgarbatamente la carta della cliente ed averla appoggiata con non chalance sul lettore contact less senza chiedere il permesso esclama: ""Ormai ho fatto i conti, mi scombinate tutto!"". Beh che dire, chapeau!"
12 gennaio 2020,10,State alla larga. Sono dei ladri.,12 euro per un misero calice di vino. Un furto. MAI PI√ô. Va bene tutto ma i soldi non li troviamo sugli alberi.
29 dicembre 2019,20,Come lavorano?,Disorganizzati almassino...alle 17 cucina chiusa....no pancake rubinetto bagno rotto..1 ora x ordinare...mah..dei ragazzini che gestiscono tutto.con assoluto menefreghismo .20 minuti alla cassa per pagare..le pizzette per il prosecco sono dovuto andare a prendermela.. la cameriera che me le aveva promesse aveva finito il turno..tanto vista la posizione sono sempre pieni..altri clienti dietro di noi dopo un po se ne sono andati..ma chi se ne accorge
13 dicembre 2019,40,qualit√† e cortesia,"ho trovato la qualit√† dei piatti in men√π molto buona... servizio all'altezza molto veloce e professionale, ottima accoglienza appena si entra si √® subito accolti dallo staff...ambiente di buon livello... da consigliare senz'altro!!"
13 dicembre 2019,10,Mai pi√π!!!!!,"Ci sono stata con una mia amica sabato scorso. L'aperitivo pi√π brutto della storia: servizio pessimo con camerieri totalmente improvvisati, ore per aspettare un bicchiere di vino e uno spritz, come cibo portano una pizzettina oscena tipo Speedy Pizza. Abbiamo dovuto chiedere olive e le 4 carote in croce, perch√® non ce le portavano. DAVVERO SCONSIGLIATISSIMO!!!!!!"
12 dicembre 2019,30,Senza infamia e senza lode,"Nulla di esaltante, cibo buono, locale semplice, posto adatto ad un pranzo veloce, niente di pi√π...."
12 dicembre 2019,10,A scuola di gentilezza!!,"Locale bello, gradevole.. gestito da personale ( compreso il manager ) incapace, improvvisato, non gentile, zero empatia. Perche' il servizio e' inadeguato? Si scelgono male le perone...si buttano allo sbaraglio...non si formano. Di fronte ad un errore nella comanda...non una parola di scusa !! Per loro e' tutto normale !! Il cliente e' portatore sano di business....!! Ha sempre ragione....!! Le critiche anche se scomode sono stimoli a migliorare e a mettersi in gioco. Umilta' e gentilezza forever!!"
30 novembre 2019,10,"Servizio pessimo, mai pi√π.","Siamo qui da due ore e mezza e ancora aspettiamo le pizzette dell'aperitivo. Cocktails annacquati, prezzi esagerati e servizio lentissimo."
26 novembre 2019,10,prezzi esagerati,"Lunch di mezzogiorno costosissimo in un bar di passaggio, seduti accovacciati su un seggiolone da bar e tavolino di misusa 30x30 cm, mentre ti sfiorano tutti quelli che passano in cucina e in bagno. Impensabile pagare 21 euro per una insalata e un bicchiere d'acqua. Coperto 3 euro e linsalata da 15 euro come se fosse un ristorante di lusso in terazza con la vista su Duomo. E non lo √®. √© solo un bar con servizio scadente."
25 novembre 2019,10,"Servizio pessimo, maleducazione senza eguali!","Sono venuta sia all'aperitivo, che per bere un drink pi√π un paio di volte, per un caff√® una volta, anche a pranzo. Ho sempre subito un bruttissimo trattamento e sempre perch√© i camerieri sono di un maleducato, nessuno ti calcola, servizio pessimo e lentezza senza eguali. Finch√© sta sera vado a fare purtroppo a fare un aperitivo in famiglia, mi madre, una signora, a chiesto da bere dopo ben 42 minuti nessuno gli ha portato nulla, ovviamente si √® alzata e se n'√® andata ed ha fatto benissimo. Mi dispiace ma veramente pessimo, credo che in tutta Milano soprattutto in centro √® il peggior personale e servizio che abbia mai visto e subito."
10 novembre 2019,10,Brunch .. salato!,"Servizio PESSIMO, ci sono stata sia a pranzo (brunch domenicale) che a cena un venerd√¨ sera. Non sarebbe nulla se il locale fosse solo stracolmo, ma i camerieri sono maleducati e disattenti: al brunch un cappuccino √® stato servito solamente dopo due solleciti, ormai a fine pasto. Non appena abbiamo finito (50 minuti dopo) ci √® stato comunicato con naturalezza di lasciare il tavolo libero per nuovi clienti, ma nessuno aveva menzionato tale deadline temporale al momento della prenotazione. conto salato, 3‚Ç¨ di coperto per avere tavolo minuscolo e tovagliette di carta. Cibo ok, ma l'atmosfera √® stata decisamente rovinata."
5 novembre 2019,30,Un pranzo veloce,"Sosta veloce per pranzo in questo locale piccolo ma accogliente. Menu vario: pasta, pizza, carne e pesce...ce n'√© per tutti i gusti! A pranzo c'√© anche un daily men√∫ in cui si pu√≥ scegliere un primo o un secondo del giorno con acqua e caff√© al costo di 15 euro circa. Servizio veloce e prezzi nella media."
2 novembre 2019,20,Lunch dimenticabile.,"lunch presso Pandenus di Via Mercato. Scegliamo omelette di verdure con contorno di patate e toast al salmone ed avocado con contorno di spinacino. Pochi minuti e arrivano le portate, gi√† indice di una cucina un po troppo super espressa.... Omelette privo di sale e totalmente insapore, nonostante le verdure. Crema di avocado annegata nella cipolla cruda. Sono passate 6 ore e dobbiamo ancora digerire... ultimo commento: conto esagerato rispetto alla qualit√† dei prodotti. Non ci torneremo."
31 ottobre 2019,50,Bravi e complimenti,"Miglior pollo al curry che abbia mai mangiato Locale giovane, personale disponibile e simpatico. Torner√≤‚Äô √® non da solo"
30 ottobre 2019,10,Pessimo servizio,Mi sono recata con tre amici nel locale per bere/mangiare qualcosa in un pomeriggio di shopping. Ci siamo seduti all‚Äôesterno dove un paio di tavoli erano gi√† occupati cos√¨ come all‚Äôinterno. Aspettiamo quasi un quarto d‚Äôora senza nessun interesse da parte dei due ragazzi che lavoravano in quel momento. Un mio amico decide quindi di alzarsi e chiedere se potevamo ordinare. Aspettiamo altri dieci minuti ma nessuno arriva al nostro tavolo. Mi alzo quindi io e chiedo ancora la possibilit√† di avere quantomeno un menu. Uno dei due ragazzi mi guarda e abbassa lo sguardo mentre l‚Äôaltro carinamente mi risponde che sarebbero arrivati subito. Ovviamente non √® stato cos√¨ finch√© abbiamo deciso di alzarci e andarcene. Uno dei due camerieri √® venuto al tavolo mentre noi ce ne stavamo andando rispondendo con un semplice ‚ÄúCIAO GRAZIE!‚Äù Pessimo servizio!
13 ottobre 2019,50,Eccellente,"Mi sono recato per un aperitivo con amici in questo locale, in quanto consigliatomi per la presenza di un giovane e intraprendente Barman. Le aspettative non sono state disattese, drink ottimi con un tocco di personalit√† da parte di questo giovane Barman, moto attento veloce e preciso, servizio al tavolo simpatico rapido e cordiale, ottima la pizza gourmet, sicuramente da tornarci per provare altri drink, complimenti!!!!"
19 settembre 2019,10,Vergogna!,"Sono stata in questo locale con una mia amica per un aperitivo. Avremmo voluto ordinare una bottiglia di vino, ma dati i prezzi a dir poco esosi a fronte di etichette da grande distribuzione (il costo di un bianco che puoi trovare a 5 euro in un qualsiasi supermercato qui subisce un ricarico da fuori di testa, 35 eurola bottiglia meno costosa....) abbiamo optato per due calici di un vino di qualita' mediocre (alla modica cifra di 7 euro al calice). Per il cibo decidiamo di scegliere qualcosa alla carta: il menu' riporta dei piatti ""da condividere"". Ordiniamo una bruschetta pomodoro rucola e crudo. Il piatto che arriva contiene tre (tre??? Da condividere????) mini bruschette con pomodoro e al lato 4 (contate) fettine trasparenti di prosciutto crudo. Bene, per questo lauto aperitivo abbiamo speso ben 14 euro a testa!!! Davvero non si cone si possa pensare di fottere la gente in questo modo spudorato... vergogna!!!!!!"
25 agosto 2019,40,Carino,"Locale carino, specialmente nelle ore in cui non √® troppo affollato e il servizio si fa un po' pi√π attento. Buona la carta dei drink."
8 agosto 2019,20,No,"Siamo stati con amici a fare il brunch una domenica mattina. Il locale carino ma niente di che. Il personale invece non ti sorride neanche se lo paghi. Poco gentili e poco accoglienti. Il brunch √® molto sotto la norma, Infatti puoi prendere un piatto unico, e non c'√® nemmeno il caff√® incluso. In quattro abbiamo pagato ‚Ç¨120 e mi sembra davvero un'esagerazione."
3 luglio 2019,10,Il servizio peggiore che ci sia,"Se vuoi prendere un caff√® al volo, non venire qu√¨. Se chiedi una centrifuga, ti conviene girare il bancone e fartela da sola. Confusione dietro il bancone, tutti fanno tutto, non esiste coordinazione. Cibo buono, ottimo marketing e devono baciare a terra solo per questo, fosse stato un altro bar sarebbe gi√† chiuso da anni."
23 giugno 2019,30,Aperitivo velocd,"Per un aperitivo decidiamo di fermarci da Pandenus Mercato, locale che mi ha sempre attirato. Al nostro arrivo chiediamo un tavolo per due e, data la situazione al completo nel dehor esterno, eravamo ben consci che ci saremmo accomodati all‚Äôinterno. Durante l‚Äôentrata ci offrono due shottini di Saint Germain, mossa sicuramente apprezzata. Una volta dentro noto liberarsi un tavolo da due persone e chiedo cortesemente al cameriere (forse gestore) se ci saremmo potuti spostare, il quale di tutta risposta ci dice che avrebbe verificato anche se ‚Äúcerto che se me lo chiedete tutti........‚Äù. Mi sarei aspettato una risposta, sia in caso affermativo che in caso negativo. Purtroppo, ad oggi, dopo qualche giorno, la risposta non √® arrivata. Abbiamo consumato i nostri drink (buoni) ed abbiamo concluso il nostro aperitivo. Ah.....il tavolo all‚Äôesterno, alla nostra uscita, era ancora libero."
13 giugno 2019,30,"Si, ma...","Posto bello, lo spazio allestito all‚Äôesterno, appena fuori il cuore di Brera merita di essere visto. Ma √® un locale non del tutto convincente. Buoni i cocktail, ricercati e particolari, ma venduti a caro prezzo. Inoltre il cocktail viene servito con una ciotolina di verdura, una di olive e 4 pezzi di pizza surgelata, l‚Äôaperitivo non √® un buon punto di forza. Servizio con poca attenzione, i camerieri non ci hanno portato nemmeno i tovaglioli, sicuramente da migliorare."
7 giugno 2019,10,Cena disastrosa,"Prenoto, e preciso che ero cliente, con pochi amici cena, serata piovosa con pochissima gente nel locale, motivo per cui pensi di essere servito nel migliore dei modi. Invece tutto un disastro: disattenzione, poca cortesia e addirittura il direttore che pur presente non si accorge del mio malcontento e continua a nn vedere la mancanza di servizio.... fatto presente il fatto neppure le scuse si √® ricordato di fare a me e ad i miei ospiti... per fortuna in Brera i locali sono tanti."
7 giugno 2019,20,Per turisti e fighetti,"Sono venuto in questo locale per qualche pranzo e aperitivo e, purtroppo, la mia impressione rimane sempre la stessa. Premessa, la cucina √® davvero di qualit√†, e gli ingredienti sono ottimi e preparati davvero molto bene. Questo vale anche per la parte caffetteria, che offre proposte davvero ottime. Inoltre, il locale p molto carino ma... ...ci sono una serie di aspetti che mi hanno deluso. Il servizio, discreto in termini di approccio, √® talvolta lentissimo e poco attento. I piatti, seppur di grande gusto, fanno pena per quantit√†. Infatti, qualsiasi cosa si ordini, arrivano delle mini-porzioni pi√π da aperitivo che da pranzo. Prezzo, soprattutto in relazione alla quantit√†, direi a dir poco eccessivo. Inoltre, di recente sembrano aver ritoccato ancor i prezzi, diventando imbarazzanti su alcuni piatti (es. Insalata con Pollo o Polletto, che poi sono due cosce, con due patate 16‚Ç¨)...insomma, con meno di 18‚Ç¨ difficilmente mangi (senza caff√®). Va bene tutto, la location e la zona, ma sempre in questo quartiere, anche solo a 100mt di raggio, si trovano locali molto pi√π carini e soprattutto di maggiore qualit√†, ma con prezzi decisamente pi√π bassi. Buono...ma anche no!"
1 giugno 2019,10,Poor experience!!!!!!,"Esperienza scioccante! Serviti con tempi biblici in un locale semivuoto, cortesia inesistente e prezzi esorbitanti! Vi dico solo: 12‚Ç¨ per uno shot di greygoose, amari caldi e senza ghiaccio. Da evitare assolutamente"
28 maggio 2019,30,Sconsigliato per aperitivo,"Il locale √® molto carino e il personale attento ed educato. Purtroppo lo sconsiglio per l'aperitivo perch√© rispetto a tanti altri locali lo trovo caro e scarso. Abbiamo speso 21‚Ç¨ per due cocktail (di cui uno spritz) e le uniche cose che ci sono state servite da mangiare sono state una ciotolina con dei minuscoli pezzi di cetriolo e peperone, cinque olive (piccanti) e quattro pezzetti (due a testa) davvero piccoli di pizza bassa e secca. Piuttosto deludente."
11 maggio 2019,10,pi√π inesistente aperitivo della citt√†...,"seconda volta che mi succede una triste esperienza al Pandenus. Questo di via Mercato √® il pi√π triste aperitivo della zona (siamo nel cuore di Brera...). Non accettano prenotazioni e vabbeh. Locale vuoto, ci portano dei tranci di pizza sottile e rigida, quattro olive e via. Stop. Fine dell'aperitivo. Tutto io resto va ordinato. Servizio lento e impreciso. Tutto arriva sempre dopo il momento giusto. Una tristezza infinita. Volevamo fermarci anche a cena ma siamo fuggiti a gambe levate..."
14 aprile 2019,40,Pausa pranzo Fuorisalone,"Location molto curata e ricercata. Pausa pranzo con servizio eccellente, veloce e cortese il personale. Cibo di qualit√† con buona presentazione dei piatti. Unica pecca, il prezzo un pochino troppo alto."
14 aprile 2019,20,Locale ridicolo. Sovraprezzato rumoroso e mediocre nel cibo,"Brunch con amici. Premetto che sono sempre stato un grande amante del pandenus e della sua formula brunch. Adesso, cambiata formula, vergognoso. A parte aver speso 35 euro per mangiare due uova e due fette di salmone (+ 5 caff√® e 2 bicchieri di vino in 5) che √® un furto, il locale √® rumorosissimo, freddo (e siamo ad aprile) e diciamocelo, cibo veramente dozzinale. Abbandonata la formula precedent edove il cibo era niente di speciale ma buono e abbondante, siamo passati alla formula ‚Äúmangiare poco, pagare tanto‚Äù: i piatti si chiamano come prima e hanno gli stessi prezzi ma met√† dei contenuti. In pi√π non sono pi√π menu, con relativi succhi e caff√® incluso ma √® tutto a parte. Una presa in giro. Meritano di fallire quanto prima"
3 aprile 2019,10,Servizio inesistente,"Tavolo di colleghe di lavoro, arriviamo scaglionate, primi cocktail ordinati alle 19.55 con la promessa di una pizza che ""√® in forno, sar√† pronta in 5 minuti"". Insieme al cocktail (buono, per carit√†) 3 olive e 2 carote in pizimonio. Niente pizza. Altri cocktail ordinati, cibo ordinato, secondo giro di bicchieri per tutte. Finalmente arriva la pizza. √à passata pi√π di un'ora. I piatti e i bicchieri vuoti rimangono sul tavolo fino a che non ce ne andiamo. Nessuno viene a chiederci nulla, n√® se va tutto bene, n√® se vogliamo altro, n√® a portare via i vuoti. Al tavolo accanto, invece, evidentemente due ""amici di qualcuno"" arrivati oltre un'ora dopo di noi, 2 camerieri fissi. Andiamo via alle 22.10, nessuno, nemmeno alla cassa che ci chieda se √® andato tutto bene. Abbiamo speso oltre 150 Euro per aperitivo. Il menu curato da uno Chef stellato √® sufficiente a far provare il locale, ma se poi i clienti vengono trattati cos√¨ non ci sono repeaters... non torner√≤ e sconsiglier√≤ caldamente."
3 aprile 2019,10,Pessimo!!,"Stamattina sono andata da pandenus per fare una classica colazione,all'ingresso c'erano dei clienti gi√† serviti cos√¨ chiedo gentilmente alle 2 ragazze dietro al bancone se potessero farmi un cappuccino e che avevo un po d fretta. Alla mia richiesta una delle 2 fa una smorfia della serie ""col cavolo"" e io attendo ben 10 minuti per un cappuccino che nn √® mai arrivato perch√® dopo 10 minuti neanche nel posto pi√π affollato ti fanno attendere cos√¨!Cos√¨ ho detto alla ragazza di lasciar stare e me ne sono andata. Se nn avete voglia di fare questo lavoro che √® a contatto con la gente cambiate mestiere!"
30 marzo 2019,10,Servizio pessimo e scortese,"Cameriere e responsabile di sala scortesi e incapaci di soddisfare le esigenze di noi clienti. Non sono nemmeno riusciti a farci sedere comodamente adducendo motici di disposizione delle sedie. Sconsigliato, non torner√≤."
24 marzo 2019,40,Relax in via del Mercato,Colazioni super e staff gentilissimo ti fanno subito partire bene la giornata. Ottimo anche per pasti pi√π completi! Qualit√† prezzo pi√π che giusto!
17 marzo 2019,10,Pessimo aperitivo,"Volevo passare un piacevole aperitivo con un‚Äôamica e mangiare un po‚Äô di buona pizza ma aperitivo deludente! Tu portanto una ciotola di olive, una di verdure e un piccolo pezzo di pizza.. pure ordinando un secondo giro da bere la pizza non l‚Äôhanno riportata! Abbiamo dovuto ordinarne una (peraltro sembrava surgelata) e abbiamo pagato molto rispetto al servizio e alla scarsa qualit√†! Sconsigliato"
1 marzo 2019,50,GARANZIA ASSOLUTA,"Ho gi√† recensito questo locale qualche mese fa e lo frequento da tempo, ogni volta che mi √® possibile, per colazione e aperitivo; oggi mi sono fermato 2 minuti per un semplice caff√® al banco e sono rimasto felicemente sorpreso... ragazzi, alle 13.30 di un comunissimo venerdi di Marzo non c'era un posto a sedere libero, n√® dentro n√® tantomeno fuori!! Questa √® la conferma di quanto avevo gi√† detto; la seriet√†, la professionalit√† e la simpatia di tutto il personale, uniti alla qualit√† di tutto quello che si ordina, significano solo una cosa: di meglio non ce n'√®, parola dello Zio Alessio!!"
24 febbraio 2019,50,Una bella colazione,"Sveglia a Brera √® di per s√© un bel vedere ma con una bella giornata di sole alzarsi fare una passeggiata e fermarsi da Pandenus in via mercato ha un suo perch√©.Il locale √® di stile francese con personale molto afabile , possibilit√† di sedersi sia dentro che fuori e grande assortimento di dolce e salato di ottima qualit√† ,davvero un gran bell'inizio di giornata"
28 gennaio 2019,10,Sconsigliato,"Locale molto alla moda e con grande potenziale, purtroppo non all‚Äôaltezza delle aspettative. Doveva essere un tranquillo ‚Äúbrunch‚Äù domenicale ma tra il servizio molto disattento e la qualit√† scarsa abbiamo solo cercato di scappare il prima possibile. Inoltre viene proposta la formula ‚Äúbrunch‚Äù che per√≤ non comprende nulla di quello che solitamente viene offerto in altri posti ( es. caffe/spremuta ) ; costa meno ma allora non ha senso indicarlo come brunch. Non lo consiglio."
25 gennaio 2019,20,Stipsi ostinata,"Locale molto modaiolo, arredo carino, cocktail buoni. Aperitivo a dir poco squallido e stitico: i cocktail costano 12‚Ç¨. L‚Äôofferta di cibo √® INESISTENTE. Portano al massimo due rettangolini di pizza, due olive e una ciotolina di pinzimonio per persona. Se non proponi un buffet, il prezzo dei cocktail dovrebbe essere pi√π bassino. Servizio mediocre. Col cameriere che fa fatica a parlare, pure per confermare di aver sentito e capito l‚Äôordinazione. Per inciso, se mi fai da mangiare, magari ordino due cocktail, altrimenti, per noi ubriacarmi, mi devo contenere. Se non riordini i cocktail, non ti portano nulla di mangiare. La cosa pi√π bella del locale???? Il cesso, puro studio di design d‚Äôintenti. State alla larga."
25 gennaio 2019,50,Il meglio che si possa chiedere!!,"Frequento questo locala da diversi mesi, a colazione e per degli aperitivi... sono a Milano da quasi 15 anni e posso dire, senza ombra di dubbio, che questo √® il miglior locale mai provato a Milano!! √à il Primark dei bar, ci si trova di tutto, dalla frutta ai panini, dai cornetti a fino ad arrivare alla pasta... locale curatissimo ed accogliente, la simpatia del personale nel trattarti come uno di casa, Mirko e Stefano in testa, lo rendono il miglior locale di tutta Milano!!"
20 gennaio 2019,20,MEH,"Tipico esempio di locale fighetto con poca sostanza. Brunch della domenica: poche proposte non particolarmente entusiasmanti. Nel mio piatto, composto da uova, pancetta e salsiccia, quest'ultima era fredda. Non viene portato, come di solito avviene nei brunch, caff√® o succo (a meno che, ovviamente, non lo si ordini a parte), non c'√® una proposta che ricomprenda sia dolce sia salato, anche questo elemento direi essenziale di un brunch, Prezzi abbastanza crazy, un estratto 8 euro mi pare decisamente una presa in giro. Nel complesse se ne pu√≤ anche fare a meno ecco."
6 gennaio 2019,20,"Qualit√† buona, servizio meno","Sono stato nel locale con amici. Ci hanno messo fretta ripetendoci pi√π volte che il tavolo era prenotato senza che per√≤ poi si sia fatto vivo alcuno. A parte questo, che comunque √® legittimo, per il servizio solo un cameriere √® stato accogliente, gli altri pessimi, davvero,mi dispiace essere negativo ma sicuro nn ci torner√≤. Buono il caff√® e le tisane. Nn fate aperitivo perch√© nn si mangia. Il locale tutto sommato ha una bella atmosfera."
6 gennaio 2019,50,Locale che merita,"Nella grande offerta milanese ormai decisamente europea e globale questo √® un locale interessante Moderno ma caldo e accogliente Molto pulito e ordinato, non √® sempre scontato Personale cordiale, premuroso ma professionale Colazioni con caff√® e tutto il resto a posto, lunch con piatti del giorno fatti espressi molto buoni (pasta al rag√π, cous cous, insalate ricche) Aperitivo che vale, con stuzzichini espressi Porzioni normali/light ma non siamo in trattoria Prezzo adeguato a Milano e Brera e quindi non popolari, ma giusto per il cibo e il contesto"
15 dicembre 2018,50,Bellissima sorpresa,"Una bellissima sorpresa,√® stato un aperitivo ricco di pizza e club sandwiches,bella gente,ambiente molto bello e servizio ineccepibile. Torner√≤ sicuramente"
5 dicembre 2018,30,Troppo caro,"Sembra non esserci limite al prezzo di un aperitivo. A Milano, dico. Il locale √® carino, con i limiti del vecchio e mai abbastanza compianto Resentin: due stanze lunghe e strette dove √® difficile muoversi e un minuscolo spazio all‚Äôaperto. Ma 12 euro per un bicchierino di un aperitivo qualunque √® decisamente un prezzo che reputo eccessivo e che sono sicuro di non voler pagare. In pi√π, diversamente da altri locali della medesima insegna, non c‚Äô√® cibo di accompagnamento se non qualche fettina di pizza portata al tavolo e un paio di verdurine in pinzimonio. Tutto deve avere un equilibrio."
20 novembre 2018,40,Una bella scoperta,"Quello che appare da fuori come un semplice bar si √® dimostrato un ristorante coi fiocchi. Ho potuto assaggiare una ottima cotoletta alla milanese e un buonissimo dessert. Personale gentilissimo e gioviale. Unica pecca, se vogliamo dire cos√¨, gli spazi un po‚Äô angusti (fare entrare tre piatti di cotolette su un tavolino non √® stato semplicissimo) ma il giudizio √® positivissimo."
11 novembre 2018,40,Una garanzia!,"Sono stata spesso al Pandenus di via mercato sia per la colazione che per il pranzo. Mi sono trovata sempre particolarmente bene. Bella la location, staff attento, gentile, sorridente, dei veri professionisti. La domenica a pranzo √© un po‚Äô caotica perch√© il locale √® sempre pieno, quindi consiglio di prenotare sempre e di scegliere come fascia oraria quella delle 14, 14:30, quando c‚Äô√® un po‚Äô meno gente. In ogni caso questo posto √® una garanzia ed √® sempre un piacere tornarci! Bravi."
9 novembre 2018,40,Risotto alla milanese,"Passeggiando per Brera ho avuto il piacere di notare questo posticino carino e molto accogliente. Io e la mia amica abbiamo preso un delizioso risotto alla milanese con ossobuco, ma abbastanza caro per essere un piatto cos√¨ piccolo. Il servizio √® stato ottimo, tutti molto gentili, specialmente la ragazza pugliese che ci ha servite. Unica pecca il fatto che ci abbiano chiesto di andare via poco dopo aver mangiato."
7 novembre 2018,40,Caffettino,Bella location personale gentilissimo per un caff√® al tavolo con amica in compagnia di una cake deliziosa alla frutta. Sono stata molto volentieri ci ritorno per pranzo (ho visto dei piatti molto invitanti )lo consiglio üòã
31 ottobre 2018,20,Servizio scarso,"Sono stata in questo locale per un aperitivo. 1. Avevamo prenotato e ci avevano riservato tre tavoli; io sono arrivata in anticipo e un tavolo dei nostri era anche ""giustamente"" occupato, ma, all'arrivo degli altri ospiti, non √® stato comunque liberato. 2. Avevamo una persona tra noi allergica ai latticini, perci√≤ abbiamo chiesto se fosse possibile avere una pizza rossa e ci √® stato risposto che c'era una fetta senza mozzarella nel tagliere (parte della crosta evidentemente); per fortuna su nostra insistenza ne hanno portata una senza formaggio. 3. In generale servizio molto lento e poco organizzato."
18 ottobre 2018,50,Delizioso,"Sono stata qui a cena con amiche! Il locale √® veramente carino, curato nei dettagli e l‚Äôatmosfera √® favolosa. I camerieri sono simpatici, gentili e disponibili. Ho mangiato una pasta alla carbonara originale e squisita!!! Ma il top √® stato il dessert... veramente delizioso!A tutti gli amanti del cioccolato: dovete assolutamente provare la mousse di cioccolato venezuelano con al centro la pallina di gelato. E la porzione era abbondantissima! Prezzi giusti. Torner√≤ di sicuro!"
14 ottobre 2018,10,Da evitare proprio,"Sono stata questa domenica per un brunch tra amici. Il servizio praticamente inesistente, i camerieri spariti del salone, 15 min per riuscire a ordinare una coca zero, che nn stata mai portata pero √® stata addebitato sul conto. Tranne tutto, il cibo mediocre, per nn dire altro. Per una citta come Milano, queste √® inaccettabile."
16 settembre 2018,50,"In pieno centro, atmosfera rilassante. Ottimi drink","Atmosfera rilassante, in pieno centro. Il barman √® molto simpatico e sa fare ottimi drink, anche analcolici per chi come me non beve molto alcol. Siamo rimasti soddisfatti. Magari un po' pi√π di cibo non guasterebbe, ma la pizza e le olive sono davvero ottime"
8 agosto 2018,30,Pausa pranzo,"Locale conosciuto in zona brera. Perfetto per una pausa pranzo veloce. Buoni i panini ma anche i piatti, anche se non molto abbondanti. Pane e pizza molto buoni. Conto medio alto per quello che si mangia"
26 luglio 2018,40,buono,"Sono stata a pranzo con amici. Il locale ha posti all'aperto all'ombra e all'interno, il servizio √® stato veloce e il personale molto gentile. Ho assaggiato un ottimo hamburger e chi era con me ha mangiato una buona tartare di salmone con avocado e buon curry di pollo. Credo che se ne avremo occasione ritorneremo. Bravi"
20 luglio 2018,50,"Belle location, ottimo cibo e personale molto gentile!","Trovo molto belli ed eleganti i ristoranti di Melzi d'eril, largo la Foppa e via mercato. Il cibo √® buono e di qualit√† e in particolare trovo molto buoni i dolci. Ottimo per colazione e aperitivo! Consigliatissimo! Staff del negozio di via mercato super gentile!"
23 giugno 2018,20,"Servizio basso, cibo scarso","Mangiato qui x un pranzo veloce. Ho trovato il servizio abbastanza scadente (mi √® arrivato il piatto e non mi avevano nemmeno apparecchiato, ho dovuto chiedere 2 volte il cestino del pane che mi arrivato praticamente a pasto ultimato mentre ai tavoli intorno a me √® stato correttamente portato insieme alle bevande). Il cibo √® medio basso e colpisce molto il fatto che il pane sia davvero tremendo, vecchio e gommoso. Ciliegina sulla torta: √à CARO!!!!!! Davvero tanto. E senza motivo. Consiglio: Fate due passi ed entrate nel locale adiacente. Non c'√® paragone."
19 giugno 2018,40,Brunch,"Buon brunch, ma decisamente caro, soprattutto il coperto e le bevande, personale gentile, posto carino."
13 giugno 2018,40,Buono ma servizio lento,"Ho deciso di provare questo posto per pranzo. Servizio leggermente lento, abbiamo aspettato circa 20 min per avere un insalata greca e un club sandwich. Entrambi molto buoni. Prezzi nella media di Brera."
31 maggio 2018,30,Modaiolo e caro,"L√† dove c‚Äôera lo storico Resentin, ora c‚Äô√® l‚Äôennesimo Pandenus, che non ha modificato sostanzialmente la struttura del precedente locale, che per√≤ ora ha un‚Äôaria pi√π modaiola e ‚Äútrendy‚Äù. Il menu non √® male ma, nonostante i nomi creativi (e un po‚Äô irritanti) attribuiti ai piatti, non presenta particolari lampi di genio, a fronte di prezzi decisamente sostenuti. Io e la mia compagna abbiamo provato un secondo piatto ciascuno: ‚ÄúTemp-hour‚Äù (=fritto di calamari e verdure), di qualit√† media, e ‚ÄúIl mare d‚Äôestate‚Äù, alias dentice al forno ‚Äúservito con verdure d‚Äôestate‚Äù (cos√¨ recitava il menu): il pesce era buono, ma le verdure erano zucchine, carote, broccoli e cavolfiori (mi sarei aspettato qualcosa di pi√π ‚Äúestivo‚Äù). I due piatti costano rispettivamente 22 e 24 euro: aggiungendone 3 di coperto, 10 (dieci!) per un gelato con 3 lamponi, 7 e 9 per due calici di vino si spendono 40/50 euro a testa per una mezza cena che non vale la cifra, anche se ci troviamo in piena zona Brera. Il servizio peraltro √® cortese ed efficiente."
27 maggio 2018,30,"locale molto carino, cibo buono, prezzi alti","Siamo andati oggi per un brunch, prima visita. Il posto e' molto carino e dispone di tavoli all'aperto. Peccato che non abbiano aperto la tenda per riparare dal sole. Ad un certo si stava troppo caldi, ma fortunatamente stavamo per finire. cibo buono, nulla di ricercato o particolare. prezzi alti."
7 maggio 2018,20,"Personale lento e scortese, prezzi ben sopra la media","Scelto il locale per un aperitivo, siamo 5 ragazze tra i 26-28 anni. Ci sediamo in 3 e iniziamo ad ordinare visto che le altre sono in ritardo. Ordiniamo 2 cocktails e un bicchiere di vino. Ci portano un piccolo tagliere con delle fettine di pizza, qualche polpetta e olive (ben diverso trattamento dal Pandenus in Moscova che conosciamo bene) ma non √® un problema, se avremo ancora fame ordineremo altro a pagamento, ci diciamo. Arrivano le altre 2 che ordinano altro e decidiamo di prendere un piatto da mangiare insieme, la cameriera √® molto scortese (sinceramente non ne capiamo il motivo) comunque ordiniamo altro cibo, in 30 minuti ordiniamo altri cocktails come secondo giro. I drink arrivano dopo mezz‚Äôora, sempre nella pi√π grande arroganza della cameriera, che ci tratta come se stessimo elemosinando qualcosa. Questo comportamento, ingiustificabile in qualsiasi circostanza, avrebbe almeno il minimo senso se, a locale stracolmo, noi avessimo occupando un tavolo senza consumare, ma per tutto il tempo noi ordiniamo nuovi drink e per altro il locale ha ancora qualche tavolo vuoto (√® luned√¨). Decidiamo di alzarci, parte il conto assurdo su cui sorvoler√≤, il finale ancora pi√π assurdo arriva in cassa. Ovviamente chiediamo di pagare separatamente, non mi sembra una cosa tanto strana dividere il conto, e comunichiamo gi√† noi la cifra precisa al cassiere, che deve quindi solo scalare dal totale mano a mano. Prima si inizia a lamentare perch√© non ha banconote da 5 e 10 ‚Ç¨ per dare i resti, decidiamo quindi di pagare con la carta per sorvolare il problema, lui chiama la simpaticissima cameriera che gi√† ci aveva tanto amate durante l‚Äôaperitivo, che ci chiede scocciata se tutte avremmo pagato con la carta (cosa che alcune di noi avrebbero evitato se loro avessero avuto i resti). Proviamo a spiegarci e veniamo ignorare completamente, comunichiamo ognuna comunica la cifra da pagare arrivato il suo turno e continuano a sbagliare, tanto che ad un certo punto mi chiedo se ci siano dei problemi di acustica o di udito dietro al bancone.  Di sicuro non torneremo, trattate con arroganza e supponenza dalla cameriera, abbiamo speso quanto una cena, senza mangiare praticamente nulla e considerando anche che una di noi non ha bevuto nemmeno alcolici perch√® incinta. Il tutto aspettando tempi biblici senza giustificazioni. No comment."
24 aprile 2018,40,Tartare perfette.,"Locale molto aggiornato per menu food e beverage. Piatti curati con materie prime d'eccellenza. Cacio e pepe rivisitato molto gustoso e tartara di manzo unica a livello dei migliori stellati. Miscelati ben fatti e servizio professionale tenuto conto l'alto livello di prenotazioni e di affluenza al banco bar, ben fornito e curato. Nel centro di Milano, la percezione di prodotti artigianali non √® comune."
17 aprile 2018,10,INCAPACI ..... troppo lenti poco personale perfetto per chi ha tempo da perdere,"Purtroppo questo era un locale milanese molto ben gestito Ora √© diventato Pandeus Peccato √© una grande auto .senza motore!,,, Che tristezza Auguri speriamo che migliorerete Fino ad oggi ...... Nulla,!!!!!"
4 aprile 2018,40,‚ÄúBuono ma small‚Äù,"Ristorante carino, molto alla mano, sulla linea del Bistrot classico, tovaglietta usa e getta (come ormai si usa ovunque), coperto modesto, luogo accogliente, staff giovane e cordiale. Unica pecca, piatti small. Avrei pagato due euro in pi√π per un pezzetto di focaccia piu grosso, piuttosto che andar via non del tutto sazia! Per il resto tutto benissimo!"
2 aprile 2018,10,Cattiva educazione,"Personale molto scorretto, professionalit√† latente, cura del cliente del tutto assente. Assicuratevi di avere lo stesso concetto di tempo della responsabile di sala. I suoi ""dieci minuti di attesa"", sulla terra equivalgono a circa un'ora e un quarto di attesa. Da evitare nel modo pi√π assoluto."
2 aprile 2018,50,Eleganza e cortesia,"Una piacevole ed ormai abitudinaria sosta caff√® del sabato mattina. L‚Äôambiente √® molto raffinato, giovane e la cortesia e l‚Äôeducazione del personale fanno da padrone. Simpatico punto d‚Äôincontro tra amici. Da provare!"
1 aprile 2018,20,Non ci siamo... Non torneremo. Solo per turisti (non italiani) che hanno fretta.,"Saro' breve: cibo mediocre e porzioni normo-piccole. Pizza surgelata (e mini porzione), insalata di avocado con pezzetti di avocado contati e veramente misera. Patate che accompagnano l'hamburger (troppo crudo dentro) scarse e comunque troppo unte. Camerieri troppo indaffarati per far retta...Abbiamo mangiato in fretta e siamo scappati (oltre 40 euro in 3 per aver mangiato poco e male). Con tutti i posticini buoni che ci sono a Milano, non credo torneremo pi√∫."
30 marzo 2018,10,Camerieri che fuggono e fanno scappare i clienti,Scordatevi un tranquillo lunch! Questo posto ha i prezzi di un ristorante e il servizio della Stazione Centrale all‚Äô ora di punta . Ti fanno aspettare 1/2 ora prima di venire a prendere L‚Äô ordinazione . Ti fanno un ‚Äò insalata all‚Äô avocado che in realt√† √® a base di cetriolo . Sbuffano se chiedi loro qualcosa ... in pi√π brutta musica di sottofondo con rumore infernale con tavolini vicini che pi√π vicino non si pu√≤ ! Morale ; siamo scappati dolo L‚Äô insalata come fanno loro quando ordini un caff√® ; non ti ascoltano perch√© sono occupati a sparecchiare . Hanno bisogno almeno di 4 camerieri in pi√π visto L‚Äô afflusso di ragazzini schiamazzanti !
25 marzo 2018,50,Bravissimi!,"Bel locale, menu molto interessante, ma soprattutto personale molto molto affabile e attento. Primi fra tutti Giuseppe, perfetto, Tiziano, molto molto gentile. Cocktail ottimi, stuzzichini buonissimi, pizza davvero buona. La prima impressione √® davvero ottima, perch√© quando entri in un locale e ti salutano con estrema affabilit√†, come se ti conoscessero da sempre, scalda il cuore."
19 marzo 2018,50,Impeccabile,"Frequento Pandenus gi√† da tempo, di solito quello in Risorgimento, ma domenica sera ho deciso di provare questo in Mercato incuriosita dalla collaborazione con lo chef Enrico Bartolini. Ingredienti di prima qualit√† e materie prime trattate in un modo impeccabile, ogni piatto era perfettamente equilibrato, cottura della carne perfetta, personale attento al servizio e professionale ma al tempo stesso alla mano e simpatico, disponibili anche nei confronti di cani, hanno portato subito l‚Äôacqua al mio cane appena l‚Äôho chiesta e raramente se ne ricordano a Milano. Atmosfera curata e accogliente. Unica pecca il volume della musica un po‚Äô troppo alto per i miei gusti. Ci torner√≤ sicuramente e lo consiglio vivamente a chiunque essendo adatto a qualsiasi fascia d‚Äôet√†. Complimenti ragazzi!"
14 marzo 2018,10,Aperitivo,"Aperitivo annacquato, pochissimo spazio, servizio lentissimo e respingente, salatini scarsi (due polpettine e 3 olive in 5) personale poco cordiale e risposte di cattivo gusto. Peccato perch√© il posto sarebbe molto carino ma cosi facendo fanno solo rimpiangere la vecchia gestione."
11 marzo 2018,40,sfizioso,"Sono stata in questo locale per il pranzo della domenica con degli amici. locale molto carino e curato, men√π vario e ricercato adatto a tutti i gusti. Molto caotico, abbiamo aspettato un po prima di poter ordinare ma perch√© il locale stava per esplodere. √à necessario prenotare perlomeno la domenica! Prezzi un po altini ma nella media di milano. tutto sommato molto buono."
10 marzo 2018,40,"Molto buono, ma potrebbe di pi√π","Locale molto carino in centro a Milano, ha un ottimo servizio, una cantina sufficiente, cibo buono, ma certamente va ricordato per il pane e per i dolci. Ambiente confortevole e prezzi un po pi√π alti della media, ma va bene cos√¨."
5 marzo 2018,40,Aperitivo raffinato,"Alle porte di Brera, il Pandenus piccolo √® ricercato, si distingue per l'atmosfera charmant e per i cocktail raffinati e particolari. Sconsigliato a chi preferisce le abbuffate dell' happy hours poich√© viene portato un piccolo piatto di olive, polpettine e pizzette, che seppur delizioso, non soddisfa l'appetito. Si possono per√≤ ordinare delle pizze molto buone da far tagliare a spicchi e condividere con gli amici. I prezzi sono in linea con la zona, 2 giri di cocktails per quattro persone e 2 pizze per un totale di 120‚Ç¨"
3 marzo 2018,50,Pazzesco !,"Ci sono stato oggi , a pranzo invitato da amici . C‚Äô√® ne sono 5 a Milano . Locale glamour . Si pu√≤ mamgiare di tutto e tutto delizioso . Una variet√† di scelta unica dalla colazione in poi . Mirko il Restaurant Manager ci ha trattato molto bene . E‚Äô un bellissimo posto . Giovanile , rilassato . Sfizioso . Insomma dovete provarlo !!!!"
1 marzo 2018,50,Stupendo!,"Bel locale. Arredato con gusto e curato nei minimi particolari. Vado a pranzo in settimana con i colleghi e a volte durante il week-end. Sempre tutto perfetto. Cibo buono e staff spettacolare. Sempre simpatici, professionali ed attenti. Bravi."
26 febbraio 2018,40,Una garanzia!,"Sono stata da Pandenus diverse volte, sia a colazione che a pranzo e mi sono sempre trovata bene. Il personale √® molto gentile, tutti educati e sorridenti. Sono professionisti del settore e si vede. Location molto bella, soprattutto il tavolo vicino alla vetrata. Questa sera ho provato anche l‚Äôaperitivo, fanno dei cocktail molto particolari, io ho provato il Saint Barth, notevole! Portano dei piccolissimi assaggi (olive, polpette..), quindi noi abbiamo ordinato 2 pizze di accompagnamento, buono l‚Äôimpasto, giusta la cottura. √à un posto perfetto quindi per ogni situazione, chiaramente bisogna avere l‚Äôaccuratezza di prenotare perch√© √® molto frequentato e, come tutti i posti molto frequentati, bisogna avere la pazienza di aspettare qualche minuto in pi√π per avere l‚Äôordinazione, ma ne vale assolutamente la pena! Nota molto positiva: arrivano al tavolo con tutte le ordinazioni fatte, non come in certi posti che quando uno inizia l‚Äôaltro ha gi√† finito! E soprattutto quando vai via ti chiedono come ti sei trovato e ti salutano con un bel sorriso, BRAVI!!"
27 gennaio 2018,50,Impeccabile,Sono stato a fare la colazione in questo posto l‚Äôaltro giorno e devo dire che non immaginavo di essere accolto come se fossi a casa. Oltre la qualit√† dei prodotti davvero notevole la gentilezza dei ragazzi dietro il bancone. Ottimo!
26 gennaio 2018,50,Bella scoperta,"Sono stato qui con alcuni amici, ci siamo trovati molto bene sia a colazione che a pranzo. Abbiamo avuto sempre un'ottima accoglienza ed il personale √® stato molto gentile ed ospitale. Che dire, se siete nella zona sia per una colazione e sia per un pranzo veloce e buono lo consiglio."
26 gennaio 2018,50,Rivelazione!!,"Io davvero non capisco come le persone possano dire che il servizio √® sgradevole, io e miei colleghi abbiamo organizzato un pranzo aziendale e siamo rimasti pi√π che soddisfatti, cibo e vino ottimi, degni di una fascia medio alta a Milano"
25 gennaio 2018,50,Perfetto,"Come far partire meglio la giornata? Accoglienza fantastica! La colazione √® un momento molto importante della giornata, un momento in cui tutto deve essere assolutamente perfetto per concentrarsi e fare un piano nella propria testa prima di entrare a lavoro. Si parte dal piacevole odore fino alla qualit√† dei prodotti che non deludono mai! Ma quello che mi ha stupito di pi√π √® la gentilezza del personale e questo credo sia fondamentale. Avanti cosi!"
24 gennaio 2018,50,Da provare!,"Il titolo...parla da solo. Personale accogliente, attenzione al dettaglio e costi perfettamente in linea con il contesto in cui si inserisce il locale. Insomma...nulla da eccepire. Complimenti!"
22 gennaio 2018,10,Mai pi√π,"Alle 11,00 aperitivo in tre una ha preso latte macchiato e brioche noi due 2 bicchieri di vino a testa come aperitivo non sono arrivate ne patatine ne olive o salatini...abbiamo chiesto qualcosa di accompagnamento e sono arrivate due mini pizzette....posso capire che non √® orario di happy hour ma allora non fatelo pagare come se lo fosse!! Il vino poi un normalissimo prosecco da 6 euro a bottiglia...un furto!!"
18 gennaio 2018,50,Come a casa!,"Semplicemente la colazione perfetta. Location, cibo e caff√®...forse il migliore mai bevuto. Una menzione particolare va all'accoglienza e al servizio che fa fare il salto di qualit√† al locale."
16 gennaio 2018,40,Una gradita sorpresa,"Prima volta in questo locale mi ha subito colpito dall'esterno in pi√π il ""Buongiorno"" all'entrata mi ha definitivamente convinto a provarlo. Pur essendo un po' scettico sul piatto di pesce consigliato dal cameriere l'ho voluto provare e il polipo alla piastra mi ha decisamente sorpreso sia per sapore che per come veniva presentato nel piatto. Nel complesso location molto curata e personale attento e cordiale. Ci ritorner√≤ sicuramente per sorprendermi ancora."
13 gennaio 2018,10,Servizio vergognoso,"Dopo piu‚Äô di 20 minuti non eravamo ancora riusciti ad ordinare, con camerieri che abilmente schivavano i nostri sguardi e i nostri cenni"
21 ottobre 2019,10,Peggior servizio bar a Milano,"Siamo arrivati in questo bar perch√© la terrazza sembrava carina e aveva alcuni riscaldatori. Ci siamo seduti alle 5. 35 pm. C'era un'altra coppia sulla terrazza.  All'interno del bar c'era un barista che lavorava e c'era un altro cameriere che spostava dei mobili sul bancone.  Poco dopo il nostro arrivo arriv√≤ un altro tavolo e si sedette. Dopo circa 10 minuti mi chiedevo se fosse il servizio al tavolo dato che nessuno ci aveva servito. Mi alzai e andai al bar, cos√¨ come un membro dell'altro tavolo per fare la stessa domanda.  Il barista dietro il bancone era abbastanza sprezzante nei nostri confronti e disse che qualcuno sarebbe finito. Ci ha guardato con la faccia di ""aspetta solo tu"". Il barista continu√≤ a lavare i piatti e a metterli via. Non √® come se stesse servendo molte persone. Chiaramente non era suo compito servire i clienti! !  Andammo a sederci di nuovo. 2 o 3 minuti dopo l'altro tavolo ha ricevuto alcuni menu dall'attesa che stava installando qualcosa. Non l'abbiamo fatto, ma non eravamo disturbati perch√© sapevamo cosa volevamo bere.   5 minuti dopo e iniziando a diventare impazienti abbiamo potuto attirare l'attenzione dei camerieri e abbiamo chiesto se potevamo ordinare, ha chiesto se volevamo i menu, abbiamo detto di no e gli abbiamo prontamente detto il nostro piccolo ordine di un caff√®, un amaro e uno spritz.  Ci sono voluti 30 minuti per prendere un drink. L'amaretto e lo spritz furono consegnati da un nuovo cameriere, stavamo per uscire quando arrivarono. Mio marito ha chiesto del suo caff√® e gli √® stato detto che stava arrivando.  Il caff√® non √® arrivato, quindi abbiamo chiesto all'altro cameriere dove fosse il caff√® e ci hanno detto che avevano chiuso la macchina del caff√® e ci hanno detto che. Ehm, no, non ci √® stato detto. Mio marito si √® affermato e alla fine il caff√® √® stato portato.  Il bar √® un bel bar e le bevande sono buone ma il servizio √® terribile. Per finire, ci hanno fatto pagare 17 euro. Presumo che questo fosse il prezzo dell'aperitivo ma non c'era nessun aperitivo in offerta. Presumo che questo sia ci√≤ che stavano creando a danno dei loro clienti.  Non consiglierei qui se si desidera un buon servizio o un drink a prezzi ragionevoli."
